Species;Gear;Length;Retention;Lower_CI;Upper_CI
COD;SELTRA180;0.5;3.80E-05;-0.000135;0.001101
COD;SELTRA180;1.5;5.44E-05;-0.000153;0.001226
COD;SELTRA180;2.5;0.000078005;-0.000171;0.001357
COD;SELTRA180;3.5;0.000111849;-0.000191;0.001498
COD;SELTRA180;4.5;0.000160471;-0.000209;0.001655
COD;SELTRA180;5.5;0.00023035;-0.000223;0.001862
COD;SELTRA180;6.5;0.000330796;-0.000231;0.002059
COD;SELTRA180;7.5;0.000475181;-0.000224;0.002391
COD;SELTRA180;8.5;0.000682681;-0.000192;0.002756
COD;SELTRA180;9.5;0.000980725;-0.000111;0.003154
COD;SELTRA180;10.5;0.001408402;0.000037;0.003775
COD;SELTRA180;11.5;0.00202111;0.000267;0.004585
COD;SELTRA180;12.5;0.002896719;0.000643;0.005931
COD;SELTRA180;13.5;0.004143375;0.001157;0.00776
COD;SELTRA180;14.5;0.005908621;0.00178;0.010672
COD;SELTRA180;15.5;0.008388508;0.002441;0.016391
COD;SELTRA180;16.5;0.011833443;0.003224;0.025007
COD;SELTRA180;17.5;0.016544455;0.004607;0.036306
COD;SELTRA180;18.5;0.022849849;0.004828;0.05287
COD;SELTRA180;19.5;0.03105052;0.004935;0.085827
COD;SELTRA180;20.5;0.041328171;0.005957;0.107548
COD;SELTRA180;21.5;0.053631309;0.008552;0.122811
COD;SELTRA180;22.5;0.067586985;0.01258;0.138898
COD;SELTRA180;23.5;0.082507353;0.019562;0.148972
COD;SELTRA180;24.5;0.097530954;0.027564;0.160016
COD;SELTRA180;25.5;0.111856186;0.043977;0.172138
COD;SELTRA180;26.5;0.12495536;0.065835;0.179378
COD;SELTRA180;27.5;0.136673692;0.078038;0.190618
COD;SELTRA180;28.5;0.147201177;0.093126;0.203639
COD;SELTRA180;29.5;0.156973572;0.100201;0.214676
COD;SELTRA180;30.5;0.166566997;0.111185;0.224555
COD;SELTRA180;31.5;0.176620369;0.120152;0.238615
COD;SELTRA180;32.5;0.187788245;0.13093;0.253831
COD;SELTRA180;33.5;0.20071017;0.141099;0.270621
COD;SELTRA180;34.5;0.21597902;0.151507;0.290465
COD;SELTRA180;35.5;0.234094414;0.163353;0.311252
COD;SELTRA180;36.5;0.255394912;0.178248;0.343295
COD;SELTRA180;37.5;0.279974161;0.187143;0.402481
COD;SELTRA180;38.5;0.307600655;0.205176;0.450682
COD;SELTRA180;39.5;0.337673217;0.227271;0.473783
COD;SELTRA180;40.5;0.369245667;0.254152;0.498189
COD;SELTRA180;41.5;0.40113632;0.27441;0.530737
COD;SELTRA180;42.5;0.432104129;0.307059;0.562732
COD;SELTRA180;43.5;0.461041277;0.345573;0.585725
COD;SELTRA180;44.5;0.487123328;0.373469;0.606762
COD;SELTRA180;45.5;0.509878945;0.394002;0.622714
COD;SELTRA180;46.5;0.529176782;0.415746;0.636116
COD;SELTRA180;47.5;0.545155386;0.440933;0.64346
COD;SELTRA180;48.5;0.558131035;0.454703;0.650391
COD;SELTRA180;49.5;0.568511466;0.463383;0.659022
COD;SELTRA180;50.5;0.576730263;0.470635;0.667392
COD;SELTRA180;51.5;0.583205371;0.474997;0.675357
COD;SELTRA180;52.5;0.588318695;0.477635;0.684314
COD;SELTRA180;53.5;0.592411562;0.479527;0.693312
COD;SELTRA180;54.5;0.595791342;0.478225;0.702858
COD;SELTRA180;55.5;0.598745993;0.476292;0.710695
COD;SELTRA180;56.5;0.601565099;0.475289;0.717221
COD;SELTRA180;57.5;0.604567318;0.472176;0.727845
COD;SELTRA180;58.5;0.608134987;0.468383;0.741374
COD;SELTRA180;59.5;0.612756163;0.466038;0.760111
COD;SELTRA180;60.5;0.619071483;0.46629;0.778838
COD;SELTRA180;61.5;0.627915735;0.466356;0.797055
COD;SELTRA180;62.5;0.640329041;0.468613;0.818362
COD;SELTRA180;63.5;0.657489922;0.475901;0.84468
COD;SELTRA180;64.5;0.680503223;0.489712;0.868216
COD;SELTRA180;65.5;0.709995798;0.508228;0.899919
COD;SELTRA180;66.5;0.745586836;0.542526;0.929139
COD;SELTRA180;67.5;0.785505315;0.573788;0.958647
COD;SELTRA180;68.5;0.826741223;0.595095;0.985758
COD;SELTRA180;69.5;0.86586231;0.617364;0.997032
COD;SELTRA180;70.5;0.900088189;0.645619;1.001765
COD;SELTRA180;71.5;0.927971048;0.699026;1.002828
COD;SELTRA180;72.5;0.949396272;0.834129;1.000896
COD;SELTRA180;73.5;0.965131311;0.888098;0.999991
COD;SELTRA180;74.5;0.976307593;0.904121;1.002339
COD;SELTRA180;75.5;0.98405884;0.916118;1.004659
COD;SELTRA180;76.5;0.989346227;0.926274;1.006063
COD;SELTRA180;77.5;0.992912272;0.934777;1.006689
COD;SELTRA180;78.5;0.995299039;0.942481;1.006785
COD;SELTRA180;79.5;0.99688836;0.94907;1.006552
COD;SELTRA180;80.5;0.99794308;0.954718;1.006134
COD;SELTRA180;81.5;0.998641457;0.959041;1.005625
COD;SELTRA180;82.5;0.999103204;0.962775;1.005086
COD;SELTRA180;83.5;0.999408206;0.966354;1.004555
COD;SELTRA180;84.5;0.99960955;0.969224;1.004052
COD;SELTRA180;85.5;0.999742414;0.972063;1.003589
COD;SELTRA180;86.5;0.99983007;0.974697;1.00317
COD;SELTRA180;87.5;0.999887893;0.977174;1.002794
COD;SELTRA180;88.5;0.999926034;0.979418;1.00246
COD;SELTRA180;89.5;0.999951194;0.981571;1.002164
COD;SELTRA180;90.5;0.999967791;0.983695;1.001904
COD;SELTRA180;91.5;0.99997874;0.985226;1.001676
COD;SELTRA180;92.5;0.999985965;0.986613;1.001476
COD;SELTRA180;93.5;0.999990732;0.987874;1.0013
COD;SELTRA180;94.5;0.999993878;0.989104;1.001146
COD;SELTRA180;95.5;0.999995955;0.99016;1.001011
COD;SELTRA180;96.5;0.999997327;0.991159;1.000892
COD;SELTRA180;97.5;0.999998232;0.992059;1.000788
COD;SELTRA180;98.5;0.999998831;0.992869;1.000697
COD;SELTRA180;99.5;0.999999226;0.993598;1.000617
COD;SELTRA180;100.5;0.999999488;0.994222;1.000546
COD;SELTRA180;101.5;0.99999966;0.994819;1.000484
COD;SELTRA180;102.5;0.999999775;0.995356;1.000429
COD;SELTRA180;103.5;0.999999851;0.995837;1.000381
COD;SELTRA180;104.5;0.999999901;0.996269;1.000338
COD;SELTRA180;105.5;0.999999934;0.996657;1.0003
COD;SELTRA180;106.5;0.999999956;0.997005;1.000267
COD;SELTRA180;107.5;0.999999971;0.997317;1.000237
COD;SELTRA180;108.5;0.99999998;0.997588;1.000211
COD;SELTRA180;109.5;0.999999987;0.997825;1.000188
COD;SELTRA180;110.5;0.999999991;0.998055;1.000168
COD;SELTRA180;111.5;0.999999994;0.998256;1.000149
COD;SELTRA180;112.5;0.999999996;0.998431;1.000133
COD;SELTRA180;113.5;0.999999997;0.998589;1.000119
COD;SELTRA180;114.5;0.999999998;0.998732;1.000106
COD;SELTRA180;115.5;0.999999999;0.99887;1.000095
COD;SELTRA180;116.5;0.999999999;0.998993;1.000085
COD;SELTRA180;117.5;0.999999999;0.999103;1.000076
COD;SELTRA180;118.5;1;0.9992;1.000068
COD;SELTRA180;119.5;1;0.999284;1.000061
COD;SELTRA180;120.5;1;0.999359;1.000054
NEP;SELTRA180;0.5;0.001996036;-0.003761;0.023024
NEP;SELTRA180;1.5;0.002188316;-0.004021;0.024588
NEP;SELTRA180;2.5;0.002400631;-0.0043;0.026253
NEP;SELTRA180;3.5;0.002635593;-0.004599;0.028024
NEP;SELTRA180;4.5;0.00289632;-0.004917;0.029907
NEP;SELTRA180;5.5;0.003186573;-0.005255;0.031909
NEP;SELTRA180;6.5;0.003510942;-0.005614;0.034038
NEP;SELTRA180;7.5;0.003875092;-0.005993;0.036299
NEP;SELTRA180;8.5;0.004286085;-0.00639;0.038702
NEP;SELTRA180;9.5;0.004752813;-0.006795;0.041201
NEP;SELTRA180;10.5;0.005286576;-0.007205;0.042903
NEP;SELTRA180;11.5;0.00590185;-0.007614;0.045315
NEP;SELTRA180;12.5;0.006617313;-0.008012;0.048199
NEP;SELTRA180;13.5;0.00745721;-0.008369;0.051355
NEP;SELTRA180;14.5;0.008453156;-0.008788;0.054521
NEP;SELTRA180;15.5;0.009646537;-0.009106;0.057552
NEP;SELTRA180;16.5;0.011091647;-0.00927;0.061256
NEP;SELTRA180;17.5;0.012859794;-0.009247;0.064523
NEP;SELTRA180;18.5;0.015044577;-0.008937;0.06858
NEP;SELTRA180;19.5;0.017768581;-0.008402;0.073635
NEP;SELTRA180;20.5;0.021191655;-0.007185;0.07896
NEP;SELTRA180;21.5;0.025520769;-0.005041;0.084767
NEP;SELTRA180;22.5;0.0310211;-0.002479;0.091934
NEP;SELTRA180;23.5;0.038027269;0.001472;0.100206
NEP;SELTRA180;24.5;0.046952478;0.006787;0.109518
NEP;SELTRA180;25.5;0.058291463;0.013431;0.119964
NEP;SELTRA180;26.5;0.072610763;0.023676;0.132304
NEP;SELTRA180;27.5;0.090517306;0.036248;0.14692
NEP;SELTRA180;28.5;0.112595338;0.047806;0.167218
NEP;SELTRA180;29.5;0.13930489;0.060949;0.204728
NEP;SELTRA180;30.5;0.170846021;0.072213;0.280234
NEP;SELTRA180;31.5;0.207013251;0.077166;0.371041
NEP;SELTRA180;32.5;0.247088423;0.092821;0.437065
NEP;SELTRA180;33.5;0.289831892;0.109162;0.480879
NEP;SELTRA180;34.5;0.3336122;0.13305;0.509884
NEP;SELTRA180;35.5;0.376659747;0.179024;0.540869
NEP;SELTRA180;36.5;0.417367763;0.239027;0.561814
NEP;SELTRA180;37.5;0.454537814;0.295287;0.582573
NEP;SELTRA180;38.5;0.487497498;0.341145;0.607687
NEP;SELTRA180;39.5;0.516081273;0.379984;0.638415
NEP;SELTRA180;40.5;0.540517663;0.415396;0.664076
NEP;SELTRA180;41.5;0.561282772;0.442862;0.687823
NEP;SELTRA180;42.5;0.578966538;0.468985;0.70596
NEP;SELTRA180;43.5;0.594174187;0.488277;0.721011
NEP;SELTRA180;44.5;0.607465847;0.503185;0.731145
NEP;SELTRA180;45.5;0.619327015;0.516667;0.73987
NEP;SELTRA180;46.5;0.630159874;0.530476;0.745871
NEP;SELTRA180;47.5;0.640286645;0.542756;0.750601
NEP;SELTRA180;48.5;0.649958713;0.554911;0.753785
NEP;SELTRA180;49.5;0.659367626;0.563366;0.755526
NEP;SELTRA180;50.5;0.668655842;0.573752;0.756603
NEP;SELTRA180;51.5;0.677926248;0.585108;0.757951
NEP;SELTRA180;52.5;0.687250148;0.596875;0.760996
NEP;SELTRA180;53.5;0.696673742;0.608652;0.766856
NEP;SELTRA180;54.5;0.706223298;0.62114;0.774617
NEP;SELTRA180;55.5;0.715909246;0.62981;0.780076
NEP;SELTRA180;56.5;0.72572943;0.640517;0.787611
NEP;SELTRA180;57.5;0.735671718;0.649769;0.793813
NEP;SELTRA180;58.5;0.745716129;0.65905;0.806676
NEP;SELTRA180;59.5;0.755836614;0.665414;0.81881
NEP;SELTRA180;60.5;0.766002575;0.669203;0.831892
NEP;SELTRA180;61.5;0.776180187;0.676273;0.844408
NEP;SELTRA180;62.5;0.786333576;0.679346;0.856434
NEP;SELTRA180;63.5;0.796425867;0.683144;0.867737
NEP;SELTRA180;64.5;0.806420127;0.685858;0.87991
NEP;SELTRA180;65.5;0.816280198;0.691761;0.892542
NEP;SELTRA180;66.5;0.825971431;0.696395;0.905932
NEP;SELTRA180;67.5;0.835461307;0.700528;0.918419
NEP;SELTRA180;68.5;0.84471995;0.717489;0.927002
NEP;SELTRA180;69.5;0.853720533;0.741049;0.933073
NEP;SELTRA180;70.5;0.862439564;0.73936;0.970898
NEP;SELTRA180;71.5;0.870857079;0.749124;0.981712
NEP;SELTRA180;72.5;0.878956721;0.767101;0.980942
NEP;SELTRA180;73.5;0.886725735;0.771926;0.978058
NEP;SELTRA180;74.5;0.894154883;0.777972;0.978007
NEP;SELTRA180;75.5;0.901238285;0.786407;0.979157
NEP;SELTRA180;76.5;0.907973209;0.794053;0.980519
NEP;SELTRA180;77.5;0.914359821;0.804028;0.981921
NEP;SELTRA180;78.5;0.920400898;0.812834;0.983324
NEP;SELTRA180;79.5;0.92610153;0.820467;0.984706
NEP;SELTRA180;80.5;0.931468812;0.827437;0.986054
NEP;SELTRA180;81.5;0.936511541;0.834164;0.987358
NEP;SELTRA180;82.5;0.941239916;0.840797;0.98861
NEP;SELTRA180;83.5;0.945665261;0.84732;0.989802
NEP;SELTRA180;84.5;0.949799763;0.853722;0.990932
NEP;SELTRA180;85.5;0.953656231;0.859989;0.991997
NEP;SELTRA180;86.5;0.957247885;0.866114;0.992996
NEP;SELTRA180;87.5;0.960588165;0.872087;0.993929
NEP;SELTRA180;88.5;0.963690565;0.877902;0.994797
NEP;SELTRA180;89.5;0.966568495;0.883554;0.995601
NEP;SELTRA180;90.5;0.969235161;0.889038;0.996343
NEP;SELTRA180;91.5;0.971703468;0.894352;0.997025
NEP;SELTRA180;92.5;0.973985942;0.899492;0.997652
NEP;SELTRA180;93.5;0.976094671;0.904457;0.998225
NEP;SELTRA180;94.5;0.978041255;0.909248;0.998747
NEP;SELTRA180;95.5;0.979836782;0.913863;0.999221
NEP;SELTRA180;96.5;0.981491797;0.918301;0.999649
NEP;SELTRA180;97.5;0.983016298;0.923119;1.000022
NEP;SELTRA180;98.5;0.984419731;0.926841;1.000281
NEP;SELTRA180;99.5;0.985710994;0.929993;1.000101
NEP;SELTRA180;100.5;0.986898446;0.942076;0.999301
NEP;SELTRA180;101.5;0.987989919;0.951764;0.999058
NEP;SELTRA180;102.5;0.988992739;0.954684;0.999192
NEP;SELTRA180;103.5;0.989913741;0.957504;0.999377
NEP;SELTRA180;104.5;0.990759292;0.959971;0.999552
NEP;SELTRA180;105.5;0.991535314;0.962423;0.999709
NEP;SELTRA180;106.5;0.992247306;0.964756;0.999848
NEP;SELTRA180;107.5;0.992900366;0.966777;0.999969
NEP;SELTRA180;108.5;0.993499218;0.968649;1.000075
NEP;SELTRA180;109.5;0.994048231;0.970417;1.000167
NEP;SELTRA180;110.5;0.994551445;0.972086;1.000246
NEP;SELTRA180;111.5;0.995012587;0.973661;1.000313
NEP;SELTRA180;112.5;0.995435098;0.975149;1.000371
NEP;SELTRA180;113.5;0.99582215;0.976553;1.000419
NEP;SELTRA180;114.5;0.996176664;0.977878;1.000459
NEP;SELTRA180;115.5;0.99650133;0.979129;1.000492
NEP;SELTRA180;116.5;0.996798623;0.980309;1.000518
NEP;SELTRA180;117.5;0.997070819;0.981423;1.000539
NEP;SELTRA180;118.5;0.997320009;0.982474;1.000554
NEP;SELTRA180;119.5;0.997548116;0.983466;1.000565
NEP;SELTRA180;120.5;0.997756904;0.984401;1.000572
PLE;SELTRA180;0.5;2.00E-10;-0.000725;0
PLE;SELTRA180;1.5;6.00E-10;-0.000751;0
PLE;SELTRA180;2.5;1.80E-09;-0.000779;0
PLE;SELTRA180;3.5;0.000000005;-0.000808;0
PLE;SELTRA180;4.5;1.42E-08;-0.000839;0
PLE;SELTRA180;5.5;4.04E-08;-0.000872;0
PLE;SELTRA180;6.5;1.14E-07;-0.000909;0
PLE;SELTRA180;7.5;3.24E-07;-0.000951;0
PLE;SELTRA180;8.5;9.19E-07;-0.001001;0.000001
PLE;SELTRA180;9.5;2.60E-06;-0.001061;0.000003
PLE;SELTRA180;10.5;7.38E-06;-0.001138;0.000244
PLE;SELTRA180;11.5;2.09E-05;-0.00124;0.001106
PLE;SELTRA180;12.5;5.92E-05;-0.001374;0.002722
PLE;SELTRA180;13.5;0.000167853;-0.001547;0.005325
PLE;SELTRA180;14.5;0.000475298;-0.001734;0.009745
PLE;SELTRA180;15.5;0.00134379;-0.001809;0.017619
PLE;SELTRA180;16.5;0.00378262;-0.001339;0.029875
PLE;SELTRA180;17.5;0.010518042;0.000785;0.051595
PLE;SELTRA180;18.5;0.028293963;0.005934;0.08788
PLE;SELTRA180;19.5;0.070083268;0.011308;0.153594
PLE;SELTRA180;20.5;0.146354581;0.027729;0.245009
PLE;SELTRA180;21.5;0.237691712;0.116984;0.321565
PLE;SELTRA180;22.5;0.305217585;0.239221;0.371098
PLE;SELTRA180;23.5;0.34016655;0.283386;0.397029
PLE;SELTRA180;24.5;0.356299609;0.300521;0.410729
PLE;SELTRA180;25.5;0.36557231;0.312842;0.420197
PLE;SELTRA180;26.5;0.374450525;0.316698;0.445082
PLE;SELTRA180;27.5;0.386854614;0.322307;0.487784
PLE;SELTRA180;28.5;0.406311478;0.332715;0.537494
PLE;SELTRA180;29.5;0.436820662;0.345825;0.599992
PLE;SELTRA180;30.5;0.482539574;0.36442;0.667162
PLE;SELTRA180;31.5;0.546001799;0.376297;0.745523
PLE;SELTRA180;32.5;0.625182189;0.392431;0.818778
PLE;SELTRA180;33.5;0.711776001;0.425911;0.88378
PLE;SELTRA180;34.5;0.793829168;0.546593;0.930638
PLE;SELTRA180;35.5;0.861669378;0.767636;0.945475
PLE;SELTRA180;36.5;0.911713899;0.803363;0.973036
PLE;SELTRA180;37.5;0.945610574;0.841746;0.992313
PLE;SELTRA180;38.5;0.967263046;0.872758;1.000087
PLE;SELTRA180;39.5;0.980580761;0.897251;1.003614
PLE;SELTRA180;40.5;0.988582311;0.9165;1.005026
PLE;SELTRA180;41.5;0.993322274;0.932715;1.005293
PLE;SELTRA180;42.5;0.996106638;0.945144;1.004984
PLE;SELTRA180;43.5;0.99773417;0.954293;1.004431
PLE;SELTRA180;44.5;0.998682754;0.961876;1.003813
PLE;SELTRA180;45.5;0.999234691;0.969451;1.003222
PLE;SELTRA180;46.5;0.999555523;0.976079;1.002696
PLE;SELTRA180;47.5;0.99974191;0.980548;1.002246
PLE;SELTRA180;48.5;0.999850156;0.984047;1.00187
PLE;SELTRA180;49.5;0.999913008;0.987358;1.00156
PLE;SELTRA180;50.5;0.999949499;0.99;1.001308
PLE;SELTRA180;51.5;0.999970684;0.992085;1.001102
PLE;SELTRA180;52.5;0.999982982;0.99349;1.000935
PLE;SELTRA180;53.5;0.999990121;0.994653;1.000798
PLE;SELTRA180;54.5;0.999994265;0.995616;1.000687
PLE;SELTRA180;55.5;0.999996671;0.996515;1.000595
PLE;SELTRA180;56.5;0.999998068;0.997295;1.00052
PLE;SELTRA180;57.5;0.999998878;0.997909;1.000458
PLE;SELTRA180;58.5;0.999999349;0.998392;1.000405
PLE;SELTRA180;59.5;0.999999622;0.998771;1.000362
PLE;SELTRA180;60.5;0.999999781;0.999062;1.000325
PLE;SELTRA180;61.5;0.999999873;0.999269;1.000293
PLE;SELTRA180;62.5;0.999999926;0.999436;1.000266
PLE;SELTRA180;63.5;0.999999957;0.999567;1.000243
PLE;SELTRA180;64.5;0.999999975;0.999669;1.000222
PLE;SELTRA180;65.5;0.999999986;0.999752;1.000204
PLE;SELTRA180;66.5;0.999999992;0.999819;1.000189
PLE;SELTRA180;67.5;0.999999995;0.999872;1.000175
PLE;SELTRA180;68.5;0.999999997;0.999915;1.000162
PLE;SELTRA180;69.5;0.999999998;0.999949;1.000151
PLE;SELTRA180;70.5;0.999999999;0.999975;1.000141
PLE;SELTRA180;71.5;0.999999999;0.999996;1.000132
PLE;SELTRA180;72.5;1;1;1.000124
PLE;SELTRA180;73.5;1;1;1.000116
PLE;SELTRA180;74.5;1;1;1.000109
PLE;SELTRA180;75.5;1;1;1.000103
PLE;SELTRA180;76.5;1;1;1.000097
PLE;SELTRA180;77.5;1;1;1.000091
PLE;SELTRA180;78.5;1;1;1.000086
PLE;SELTRA180;79.5;1;1;1.000082
PLE;SELTRA180;80.5;1;1;1.000077
PLE;SELTRA180;81.5;1;1;1.000073
PLE;SELTRA180;82.5;1;1;1.000069
PLE;SELTRA180;83.5;1;1;1.000065
PLE;SELTRA180;84.5;1;1;1.000062
PLE;SELTRA180;85.5;1;1;1.000059
PLE;SELTRA180;86.5;1;1;1.000056
PLE;SELTRA180;87.5;1;1;1.000053
PLE;SELTRA180;88.5;1;1;1.00005
PLE;SELTRA180;89.5;1;1;1.000048
PLE;SELTRA180;90.5;1;1;1.000045
PLE;SELTRA180;91.5;1;1;1.000043
PLE;SELTRA180;92.5;1;1;1.000041
PLE;SELTRA180;93.5;1;1;1.000039
PLE;SELTRA180;94.5;1;1;1.000037
PLE;SELTRA180;95.5;1;1;1.000035
PLE;SELTRA180;96.5;1;1;1.000033
PLE;SELTRA180;97.5;1;1;1.000032
PLE;SELTRA180;98.5;1;1;1.00003
PLE;SELTRA180;99.5;1;1;1.000029
PLE;SELTRA180;100.5;1;1;1.000027
PLE;SELTRA180;101.5;1;1;1.000026
PLE;SELTRA180;102.5;1;1;1.000025
PLE;SELTRA180;103.5;1;1;1.000023
PLE;SELTRA180;104.5;1;1;1.000022
PLE;SELTRA180;105.5;1;1;1.000021
PLE;SELTRA180;106.5;1;1;1.00002
PLE;SELTRA180;107.5;1;1;1.000019
PLE;SELTRA180;108.5;1;1;1.000018
PLE;SELTRA180;109.5;1;1;1.000017
PLE;SELTRA180;110.5;1;1;1.000017
PLE;SELTRA180;111.5;1;1;1.000016
PLE;SELTRA180;112.5;1;1;1.000015
PLE;SELTRA180;113.5;1;1;1.000014
PLE;SELTRA180;114.5;1;1;1.000014
PLE;SELTRA180;115.5;1;1;1.000013
PLE;SELTRA180;116.5;1;1;1.000012
PLE;SELTRA180;117.5;1;1;1.000012
PLE;SELTRA180;118.5;1;1;1.000011
PLE;SELTRA180;119.5;1;1;1.000011
PLE;SELTRA180;120.5;1;1;1.00001
COD;SELTRA270K;0.5;0.000389817;-0.003827;0.046135
COD;SELTRA270K;1.5;0.000474482;-0.00367;0.04522
COD;SELTRA270K;2.5;0.000577517;-0.003452;0.045739
COD;SELTRA270K;3.5;0.000702899;-0.003164;0.041757
COD;SELTRA270K;4.5;0.000855461;-0.002801;0.036809
COD;SELTRA270K;5.5;0.001041077;-0.002362;0.031654
COD;SELTRA270K;6.5;0.001266877;-0.001851;0.026187
COD;SELTRA270K;7.5;0.00154152;-0.001268;0.020969
COD;SELTRA270K;8.5;0.001875506;-0.000622;0.014171
COD;SELTRA270K;9.5;0.002281566;-0.000086;0.00884
COD;SELTRA270K;10.5;0.002775112;0.0002;0.007289
COD;SELTRA270K;11.5;0.003374792;0.000071;0.007398
COD;SELTRA270K;12.5;0.004103125;0.000867;0.008378
COD;SELTRA270K;13.5;0.004987272;0.001084;0.009654
COD;SELTRA270K;14.5;0.006059934;0.001272;0.012394
COD;SELTRA270K;15.5;0.007360571;0.001325;0.016821
COD;SELTRA270K;16.5;0.008938262;0.001476;0.0253
COD;SELTRA270K;17.5;0.010868334;0.001364;0.035717
COD;SELTRA270K;18.5;0.013391383;0.00113;0.050115
COD;SELTRA270K;19.5;0.01812655;0.002332;0.07048
COD;SELTRA270K;20.5;0.037079012;0.008483;0.092475
COD;SELTRA270K;21.5;0.106603216;0.043433;0.19499
COD;SELTRA270K;22.5;0.168979113;0.07492;0.277448
COD;SELTRA270K;23.5;0.18643936;0.080019;0.297389
COD;SELTRA270K;24.5;0.194696366;0.087707;0.302433
COD;SELTRA270K;25.5;0.202945496;0.101343;0.307259
COD;SELTRA270K;26.5;0.212485276;0.118857;0.309288
COD;SELTRA270K;27.5;0.223622337;0.138344;0.315917
COD;SELTRA270K;28.5;0.23654457;0.157561;0.328978
COD;SELTRA270K;29.5;0.251407604;0.171154;0.347987
COD;SELTRA270K;30.5;0.268329409;0.186847;0.368201
COD;SELTRA270K;31.5;0.287372573;0.202204;0.386992
COD;SELTRA270K;32.5;0.308524792;0.221878;0.41592
COD;SELTRA270K;33.5;0.331681334;0.243345;0.441357
COD;SELTRA270K;34.5;0.35663309;0.25885;0.471139
COD;SELTRA270K;35.5;0.383063867;0.275231;0.502509
COD;SELTRA270K;36.5;0.410559673;0.296867;0.542792
COD;SELTRA270K;37.5;0.438630832;0.312873;0.578476
COD;SELTRA270K;38.5;0.466745133;0.335417;0.611039
COD;SELTRA270K;39.5;0.494367561;0.355189;0.63955
COD;SELTRA270K;40.5;0.52100054;0.377745;0.659643
COD;SELTRA270K;41.5;0.546218405;0.413472;0.673063
COD;SELTRA270K;42.5;0.569691409;0.447756;0.685309
COD;SELTRA270K;43.5;0.591196998;0.467917;0.704111
COD;SELTRA270K;44.5;0.610618888;0.489833;0.719085
COD;SELTRA270K;45.5;0.627936459;0.511463;0.73457
COD;SELTRA270K;46.5;0.643208064;0.529756;0.748929
COD;SELTRA270K;47.5;0.656551847;0.546944;0.760708
COD;SELTRA270K;48.5;0.668127002;0.563174;0.767508
COD;SELTRA270K;49.5;0.678117419;0.579785;0.777897
COD;SELTRA270K;50.5;0.686718734;0.590299;0.785427
COD;SELTRA270K;51.5;0.694129027;0.60004;0.79017
COD;SELTRA270K;52.5;0.700542961;0.609621;0.794686
COD;SELTRA270K;53.5;0.706148855;0.615087;0.800184
COD;SELTRA270K;54.5;0.71112816;0.618563;0.804473
COD;SELTRA270K;55.5;0.715656742;0.624003;0.805966
COD;SELTRA270K;56.5;0.719907512;0.629642;0.810995
COD;SELTRA270K;57.5;0.724053895;0.638289;0.817983
COD;SELTRA270K;58.5;0.728273685;0.643448;0.821296
COD;SELTRA270K;59.5;0.732752718;0.65033;0.826268
COD;SELTRA270K;60.5;0.737687615;0.652469;0.833253
COD;SELTRA270K;61.5;0.743286576;0.655472;0.841085
COD;SELTRA270K;62.5;0.749766889;0.657865;0.848118
COD;SELTRA270K;63.5;0.757347502;0.664509;0.856757
COD;SELTRA270K;64.5;0.766235026;0.668099;0.8671
COD;SELTRA270K;65.5;0.776602083;0.673738;0.881877
COD;SELTRA270K;66.5;0.788558516;0.681845;0.899583
COD;SELTRA270K;67.5;0.802118682;0.688249;0.914884
COD;SELTRA270K;68.5;0.817171568;0.695595;0.930914
COD;SELTRA270K;69.5;0.833463372;0.706123;0.94727
COD;SELTRA270K;70.5;0.850602301;0.723632;0.961535
COD;SELTRA270K;71.5;0.86809097;0.756748;0.964153
COD;SELTRA270K;72.5;0.885383196;0.760427;0.975328
COD;SELTRA270K;73.5;0.901952772;0.759886;0.985766
COD;SELTRA270K;74.5;0.91735681;0.766837;0.993973
COD;SELTRA270K;75.5;0.931278515;0.779766;1.000946
COD;SELTRA270K;76.5;0.943542369;0.814873;1.004999
COD;SELTRA270K;77.5;0.954104088;0.862256;1.004163
COD;SELTRA270K;78.5;0.963023964;0.869704;1.004566
COD;SELTRA270K;79.5;0.970433721;0.878342;1.007329
COD;SELTRA270K;80.5;0.97650494;0.888033;1.009944
COD;SELTRA270K;81.5;0.981423612;0.895432;1.011872
COD;SELTRA270K;82.5;0.985372245;0.901986;1.013174
COD;SELTRA270K;83.5;0.988518941;0.90919;1.013974
COD;SELTRA270K;84.5;0.991011928;0.914518;1.014367
COD;SELTRA270K;85.5;0.992977874;0.918749;1.014436
COD;SELTRA270K;86.5;0.994522547;0.923318;1.014262
COD;SELTRA270K;87.5;0.995732746;0.927733;1.013908
COD;SELTRA270K;88.5;0.996678773;0.931852;1.013428
COD;SELTRA270K;89.5;0.997417004;0.935206;1.012863
COD;SELTRA270K;90.5;0.9979923;0.937754;1.012247
COD;SELTRA270K;91.5;0.998440151;0.940525;1.011604
COD;SELTRA270K;92.5;0.998788508;0.942465;1.010951
COD;SELTRA270K;93.5;0.999059303;0.944664;1.010304
COD;SELTRA270K;94.5;0.999269706;0.947403;1.009671
COD;SELTRA270K;95.5;0.999433126;0.950031;1.00906
COD;SELTRA270K;96.5;0.999560018;0.952423;1.008475
COD;SELTRA270K;97.5;0.999658528;0.953815;1.007918
COD;SELTRA270K;98.5;0.999734992;0.955623;1.007391
COD;SELTRA270K;99.5;0.999794337;0.957605;1.006894
COD;SELTRA270K;100.5;0.999840393;0.959394;1.006428
COD;SELTRA270K;101.5;0.999876134;0.961105;1.005991
COD;SELTRA270K;102.5;0.999903869;0.963068;1.005583
COD;SELTRA270K;103.5;0.999925391;0.96474;1.005203
COD;SELTRA270K;104.5;0.999942092;0.966343;1.004848
COD;SELTRA270K;105.5;0.999955053;0.967879;1.004518
COD;SELTRA270K;106.5;0.999965111;0.969173;1.004211
COD;SELTRA270K;107.5;0.999972916;0.970333;1.003926
COD;SELTRA270K;108.5;0.999978974;0.971803;1.003661
COD;SELTRA270K;109.5;0.999983676;0.973403;1.003415
COD;SELTRA270K;110.5;0.999987325;0.97464;1.003186
COD;SELTRA270K;111.5;0.999990158;0.975823;1.002974
COD;SELTRA270K;112.5;0.999992357;0.976879;1.002776
COD;SELTRA270K;113.5;0.999994064;0.977771;1.002593
COD;SELTRA270K;114.5;0.999995389;0.978882;1.002423
COD;SELTRA270K;115.5;0.999996418;0.97993;1.002265
COD;SELTRA270K;116.5;0.999997217;0.980718;1.002118
COD;SELTRA270K;117.5;0.999997838;0.981478;1.001981
COD;SELTRA270K;118.5;0.99999832;0.982292;1.001854
COD;SELTRA270K;119.5;0.999998694;0.982999;1.001736
COD;SELTRA270K;120.5;0.999998985;0.983848;1.001626
NEP;SELTRA270K;0.5;0;-0.000006;0
NEP;SELTRA270K;1.5;0;-0.00001;0
NEP;SELTRA270K;2.5;1.00E-10;-0.000015;0
NEP;SELTRA270K;3.5;2.30E-09;-0.000022;0
NEP;SELTRA270K;4.5;2.63E-08;-0.000033;0
NEP;SELTRA270K;5.5;2.23E-07;-0.000048;0
NEP;SELTRA270K;6.5;1.43E-06;-0.000068;0.000024
NEP;SELTRA270K;7.5;7.29E-06;-0.000093;0.000142
NEP;SELTRA270K;8.5;3.02E-05;-0.000116;0.000435
NEP;SELTRA270K;9.5;0.000104202;-0.000113;0.001056
NEP;SELTRA270K;10.5;0.000307698;-0.000021;0.002265
NEP;SELTRA270K;11.5;0.000792505;0.000286;0.004442
NEP;SELTRA270K;12.5;0.001811897;0.001018;0.008104
NEP;SELTRA270K;13.5;0.003733888;0.002478;0.014726
NEP;SELTRA270K;14.5;0.007028641;0.005033;0.024677
NEP;SELTRA270K;15.5;0.012226539;0.009056;0.039795
NEP;SELTRA270K;16.5;0.019853994;0.014845;0.056817
NEP;SELTRA270K;17.5;0.030361878;0.022521;0.081126
NEP;SELTRA270K;18.5;0.044063312;0.031946;0.107663
NEP;SELTRA270K;19.5;0.061093583;0.042605;0.146214
NEP;SELTRA270K;20.5;0.081397748;0.053461;0.184328
NEP;SELTRA270K;21.5;0.104744292;0.062735;0.229487
NEP;SELTRA270K;22.5;0.130758166;0.066892;0.274263
NEP;SELTRA270K;23.5;0.15896449;0.062027;0.322864
NEP;SELTRA270K;24.5;0.188834591;0.048316;0.376415
NEP;SELTRA270K;25.5;0.219828031;0.042543;0.428287
NEP;SELTRA270K;26.5;0.251426746;0.048645;0.47678
NEP;SELTRA270K;27.5;0.283159708;0.064916;0.52218
NEP;SELTRA270K;28.5;0.314618254;0.09152;0.550452
NEP;SELTRA270K;29.5;0.34546332;0.121068;0.572591
NEP;SELTRA270K;30.5;0.375426306;0.159394;0.590981
NEP;SELTRA270K;31.5;0.4043054;0.198077;0.604966
NEP;SELTRA270K;32.5;0.431959027;0.237888;0.618434
NEP;SELTRA270K;33.5;0.458297765;0.278507;0.632418
NEP;SELTRA270K;34.5;0.483275756;0.317313;0.643885
NEP;SELTRA270K;35.5;0.506882332;0.354663;0.655475
NEP;SELTRA270K;36.5;0.52913429;0.388798;0.665839
NEP;SELTRA270K;37.5;0.550069074;0.420868;0.675104
NEP;SELTRA270K;38.5;0.569738946;0.451071;0.68387
NEP;SELTRA270K;39.5;0.588206159;0.478217;0.692533
NEP;SELTRA270K;40.5;0.605539055;0.504721;0.700584
NEP;SELTRA270K;41.5;0.621808991;0.52716;0.708607
NEP;SELTRA270K;42.5;0.637087987;0.548462;0.716178
NEP;SELTRA270K;43.5;0.651446969;0.567936;0.724007
NEP;SELTRA270K;44.5;0.664954514;0.586151;0.731091
NEP;SELTRA270K;45.5;0.677675979;0.60021;0.737506
NEP;SELTRA270K;46.5;0.689672963;0.615234;0.744429
NEP;SELTRA270K;47.5;0.701002989;0.629404;0.750851
NEP;SELTRA270K;48.5;0.711719385;0.641093;0.757411
NEP;SELTRA270K;49.5;0.721871294;0.653153;0.763633
NEP;SELTRA270K;50.5;0.731503776;0.663859;0.769695
NEP;SELTRA270K;51.5;0.74065799;0.673069;0.776602
NEP;SELTRA270K;52.5;0.749371402;0.682412;0.785055
NEP;SELTRA270K;53.5;0.757678033;0.692623;0.793702
NEP;SELTRA270K;54.5;0.765608712;0.700939;0.801558
NEP;SELTRA270K;55.5;0.77319133;0.708888;0.810459
NEP;SELTRA270K;56.5;0.780451098;0.716509;0.818713
NEP;SELTRA270K;57.5;0.787410783;0.723835;0.828211
NEP;SELTRA270K;58.5;0.79409094;0.730895;0.835805
NEP;SELTRA270K;59.5;0.80051013;0.738654;0.844162
NEP;SELTRA270K;60.5;0.806685115;0.745347;0.852082
NEP;SELTRA270K;61.5;0.812631047;0.752437;0.859357
NEP;SELTRA270K;62.5;0.81836163;0.75915;0.866847
NEP;SELTRA270K;63.5;0.823889277;0.764915;0.873626
NEP;SELTRA270K;64.5;0.829225247;0.770558;0.880038
NEP;SELTRA270K;65.5;0.834379768;0.77706;0.886098
NEP;SELTRA270K;66.5;0.839362152;0.782718;0.891818
NEP;SELTRA270K;67.5;0.844180895;0.788259;0.897227
NEP;SELTRA270K;68.5;0.848843762;0.793684;0.902299
NEP;SELTRA270K;69.5;0.853357874;0.798922;0.907225
NEP;SELTRA270K;70.5;0.857729775;0.804199;0.911805
NEP;SELTRA270K;71.5;0.861965494;0.809292;0.916135
NEP;SELTRA270K;72.5;0.866070607;0.814277;0.920228
NEP;SELTRA270K;73.5;0.87005028;0.819156;0.924098
NEP;SELTRA270K;74.5;0.873909316;0.823931;0.927911
NEP;SELTRA270K;75.5;0.877652196;0.828602;0.931575
NEP;SELTRA270K;76.5;0.881283109;0.833171;0.935026
NEP;SELTRA270K;77.5;0.884805986;0.83764;0.938098
NEP;SELTRA270K;78.5;0.888224524;0.842009;0.940617
NEP;SELTRA270K;79.5;0.891542212;0.84628;0.94328
NEP;SELTRA270K;80.5;0.89476235;0.850454;0.945963
NEP;SELTRA270K;81.5;0.897888068;0.854533;0.94854
NEP;SELTRA270K;82.5;0.900922341;0.858517;0.950877
NEP;SELTRA270K;83.5;0.903868007;0.862408;0.953023
NEP;SELTRA270K;84.5;0.906727772;0.866208;0.955061
NEP;SELTRA270K;85.5;0.909504231;0.869917;0.957057
NEP;SELTRA270K;86.5;0.912199868;0.873666;0.958948
NEP;SELTRA270K;87.5;0.914817071;0.877072;0.960741
NEP;SELTRA270K;88.5;0.917358136;0.88055;0.962442
NEP;SELTRA270K;89.5;0.919825276;0.884075;0.964055
NEP;SELTRA270K;90.5;0.922220626;0.887227;0.965659
NEP;SELTRA270K;91.5;0.924546248;0.89035;0.967178
NEP;SELTRA270K;92.5;0.926804134;0.893465;0.968616
NEP;SELTRA270K;93.5;0.928996215;0.896501;0.969976
NEP;SELTRA270K;94.5;0.931124358;0.89946;0.971263
NEP;SELTRA270K;95.5;0.933190376;0.902342;0.972483
NEP;SELTRA270K;96.5;0.935196024;0.90515;0.973639
NEP;SELTRA270K;97.5;0.937143008;0.907885;0.974735
NEP;SELTRA270K;98.5;0.939032985;0.910548;0.975774
NEP;SELTRA270K;99.5;0.940867561;0.91314;0.97676
NEP;SELTRA270K;100.5;0.9426483;0.915664;0.977697
NEP;SELTRA270K;101.5;0.944376722;0.91812;0.978586
NEP;SELTRA270K;102.5;0.946054303;0.920511;0.979431
NEP;SELTRA270K;103.5;0.947682481;0.922758;0.980211
NEP;SELTRA270K;104.5;0.949262652;0.924927;0.980953
NEP;SELTRA270K;105.5;0.950796177;0.927041;0.981662
NEP;SELTRA270K;106.5;0.952284379;0.929099;0.982339
NEP;SELTRA270K;107.5;0.953728544;0.931104;0.982986
NEP;SELTRA270K;108.5;0.955129925;0.933056;0.983603
NEP;SELTRA270K;109.5;0.956489741;0.934957;0.984194
NEP;SELTRA270K;110.5;0.957809178;0.936807;0.984759
NEP;SELTRA270K;111.5;0.959089391;0.938609;0.985299
NEP;SELTRA270K;112.5;0.960331503;0.940362;0.985817
NEP;SELTRA270K;113.5;0.961536606;0.942069;0.986312
NEP;SELTRA270K;114.5;0.962705765;0.943729;0.986787
NEP;SELTRA270K;115.5;0.963840015;0.945345;0.987241
NEP;SELTRA270K;116.5;0.964940363;0.946917;0.987678
NEP;SELTRA270K;117.5;0.966007788;0.948446;0.988096
NEP;SELTRA270K;118.5;0.967043243;0.949934;0.988498
NEP;SELTRA270K;119.5;0.968047657;0.951381;0.988883
NEP;SELTRA270K;120.5;0.969021931;0.952788;0.989253
PLE;SELTRA270K;0.5;0.000003347;-0.010714;0.231538
PLE;SELTRA270K;1.5;5.57E-06;-0.012883;0.383638
PLE;SELTRA270K;2.5;9.27E-06;-0.014717;0.408021
PLE;SELTRA270K;3.5;1.54E-05;-0.015943;0.433674
PLE;SELTRA270K;4.5;2.57E-05;-0.016811;0.451648
PLE;SELTRA270K;5.5;4.28E-05;-0.017584;0.466789
PLE;SELTRA270K;6.5;7.12E-05;-0.01838;0.480205
PLE;SELTRA270K;7.5;0.000118442;-0.019244;0.493548
PLE;SELTRA270K;8.5;0.000197123;-0.020199;0.50677
PLE;SELTRA270K;9.5;0.000328048;-0.021267;0.519823
PLE;SELTRA270K;10.5;0.000545872;-0.022471;0.532661
PLE;SELTRA270K;11.5;0.000908162;-0.023834;0.552119
PLE;SELTRA270K;12.5;0.001510437;-0.025368;0.5672
PLE;SELTRA270K;13.5;0.002510846;-0.027073;0.578182
PLE;SELTRA270K;14.5;0.004170322;-0.02891;0.600506
PLE;SELTRA270K;15.5;0.006916869;-0.030732;0.608014
PLE;SELTRA270K;16.5;0.011445702;-0.032034;0.615205
PLE;SELTRA270K;17.5;0.018867734;-0.031456;0.62212
PLE;SELTRA270K;18.5;0.030909888;-0.028604;0.637103
PLE;SELTRA270K;19.5;0.050133778;-0.021507;0.645188
PLE;SELTRA270K;20.5;0.080041728;-0.005759;0.669181
PLE;SELTRA270K;21.5;0.124755659;0.027357;0.686342
PLE;SELTRA270K;22.5;0.187778643;0.075176;0.697432
PLE;SELTRA270K;23.5;0.26960495;0.128072;0.708711
PLE;SELTRA270K;24.5;0.365220425;0.191741;0.723065
PLE;SELTRA270K;25.5;0.464109165;0.266934;0.743634
PLE;SELTRA270K;26.5;0.554275358;0.344443;0.766023
PLE;SELTRA270K;27.5;0.627520319;0.416702;0.789697
PLE;SELTRA270K;28.5;0.681637076;0.489559;0.8145
PLE;SELTRA270K;29.5;0.718883887;0.543273;0.829164
PLE;SELTRA270K;30.5;0.743285464;0.591882;0.84087
PLE;SELTRA270K;31.5;0.758758994;0.628179;0.84786
PLE;SELTRA270K;32.5;0.768369141;0.65309;0.851512
PLE;SELTRA270K;33.5;0.77426083;0.668602;0.853773
PLE;SELTRA270K;34.5;0.777844177;0.679173;0.856041
PLE;SELTRA270K;35.5;0.780013029;0.685769;0.857339
PLE;SELTRA270K;36.5;0.78132189;0.687637;0.857721
PLE;SELTRA270K;37.5;0.782110362;0.690365;0.859044
PLE;SELTRA270K;38.5;0.782584838;0.691901;0.859405
PLE;SELTRA270K;39.5;0.782870177;0.692837;0.862602
PLE;SELTRA270K;40.5;0.783041708;0.69274;0.863441
PLE;SELTRA270K;41.5;0.783144799;0.692674;0.863738
PLE;SELTRA270K;42.5;0.783206749;0.692468;0.864536
PLE;SELTRA270K;43.5;0.783243972;0.692345;0.864784
PLE;SELTRA270K;44.5;0.783266338;0.692267;0.865053
PLE;SELTRA270K;45.5;0.783279776;0.692566;0.865062
PLE;SELTRA270K;46.5;0.783287849;0.692472;0.865766
PLE;SELTRA270K;47.5;0.7832927;0.692395;0.865691
PLE;SELTRA270K;48.5;0.783295614;0.692329;0.866028
PLE;SELTRA270K;49.5;0.783297365;0.692273;0.866361
PLE;SELTRA270K;50.5;0.783298417;0.692225;0.866317
PLE;SELTRA270K;51.5;0.783299049;0.692182;0.866277
PLE;SELTRA270K;52.5;0.783299429;0.692144;0.866241
PLE;SELTRA270K;53.5;0.783299657;0.69211;0.866208
PLE;SELTRA270K;54.5;0.783299794;0.692078;0.866177
PLE;SELTRA270K;55.5;0.783299876;0.69205;0.866149
PLE;SELTRA270K;56.5;0.783299926;0.692023;0.866123
PLE;SELTRA270K;57.5;0.783299955;0.691999;0.866199
PLE;SELTRA270K;58.5;0.783299973;0.691976;0.866176
PLE;SELTRA270K;59.5;0.783299984;0.691954;0.866154
PLE;SELTRA270K;60.5;0.78329999;0.691934;0.866134
PLE;SELTRA270K;61.5;0.783299994;0.691915;0.866115
PLE;SELTRA270K;62.5;0.783299997;0.691897;0.866097
PLE;SELTRA270K;63.5;0.783299998;0.691881;0.866081
PLE;SELTRA270K;64.5;0.783299999;0.691865;0.866065
PLE;SELTRA270K;65.5;0.783299999;0.69185;0.86605
PLE;SELTRA270K;66.5;0.7833;0.691836;0.866036
PLE;SELTRA270K;67.5;0.7833;0.691822;0.866022
PLE;SELTRA270K;68.5;0.7833;0.69181;0.86614
PLE;SELTRA270K;69.5;0.7833;0.691798;0.866374
PLE;SELTRA270K;70.5;0.7833;0.691787;0.866588
PLE;SELTRA270K;71.5;0.7833;0.691776;0.866785
PLE;SELTRA270K;72.5;0.7833;0.691766;0.866966
PLE;SELTRA270K;73.5;0.7833;0.691756;0.867133
PLE;SELTRA270K;74.5;0.7833;0.691747;0.867285
PLE;SELTRA270K;75.5;0.7833;0.691738;0.867321
PLE;SELTRA270K;76.5;0.7833;0.69173;0.867328
PLE;SELTRA270K;77.5;0.7833;0.691722;0.867333
PLE;SELTRA270K;78.5;0.7833;0.691715;0.867337
PLE;SELTRA270K;79.5;0.7833;0.691708;0.867341
PLE;SELTRA270K;80.5;0.7833;0.691701;0.867343
PLE;SELTRA270K;81.5;0.7833;0.691695;0.867344
PLE;SELTRA270K;82.5;0.7833;0.691689;0.867344
PLE;SELTRA270K;83.5;0.7833;0.691683;0.867344
PLE;SELTRA270K;84.5;0.7833;0.691677;0.867344
PLE;SELTRA270K;85.5;0.7833;0.691672;0.867343
PLE;SELTRA270K;86.5;0.7833;0.691667;0.867342
PLE;SELTRA270K;87.5;0.7833;0.691663;0.867341
PLE;SELTRA270K;88.5;0.7833;0.691658;0.867339
PLE;SELTRA270K;89.5;0.7833;0.691654;0.867337
PLE;SELTRA270K;90.5;0.7833;0.69165;0.867336
PLE;SELTRA270K;91.5;0.7833;0.691646;0.867334
PLE;SELTRA270K;92.5;0.7833;0.691643;0.867332
PLE;SELTRA270K;93.5;0.7833;0.691639;0.86733
PLE;SELTRA270K;94.5;0.7833;0.691636;0.867328
PLE;SELTRA270K;95.5;0.7833;0.691633;0.867326
PLE;SELTRA270K;96.5;0.7833;0.69163;0.867324
PLE;SELTRA270K;97.5;0.7833;0.691627;0.867322
PLE;SELTRA270K;98.5;0.7833;0.691625;0.86732
PLE;SELTRA270K;99.5;0.7833;0.691622;0.867318
PLE;SELTRA270K;100.5;0.7833;0.69162;0.867316
PLE;SELTRA270K;101.5;0.7833;0.691617;0.867314
PLE;SELTRA270K;102.5;0.7833;0.691615;0.867312
PLE;SELTRA270K;103.5;0.7833;0.691613;0.867311
PLE;SELTRA270K;104.5;0.7833;0.691611;0.867309
PLE;SELTRA270K;105.5;0.7833;0.691609;0.867308
PLE;SELTRA270K;106.5;0.7833;0.691608;0.867306
PLE;SELTRA270K;107.5;0.7833;0.691606;0.867305
PLE;SELTRA270K;108.5;0.7833;0.691604;0.867303
PLE;SELTRA270K;109.5;0.7833;0.691603;0.867302
PLE;SELTRA270K;110.5;0.7833;0.691601;0.8673
PLE;SELTRA270K;111.5;0.7833;0.6916;0.867299
PLE;SELTRA270K;112.5;0.7833;0.691599;0.867298
PLE;SELTRA270K;113.5;0.7833;0.691597;0.867297
PLE;SELTRA270K;114.5;0.7833;0.691596;0.867296
PLE;SELTRA270K;115.5;0.7833;0.691595;0.867295
PLE;SELTRA270K;116.5;0.7833;0.691594;0.867294
PLE;SELTRA270K;117.5;0.7833;0.691593;0.867293
PLE;SELTRA270K;118.5;0.7833;0.691592;0.867292
PLE;SELTRA270K;119.5;0.7833;0.691591;0.867291
PLE;SELTRA270K;120.5;0.7833;0.69159;0.86729
COD;SELTRA300_4to7;0.5;0.000910877;-0.00164;0.013084
COD;SELTRA300_4to7;1.5;0.001002174;-0.001755;0.01371
COD;SELTRA300_4to7;2.5;0.001104199;-0.001882;0.01436
COD;SELTRA300_4to7;3.5;0.001219602;-0.002025;0.015355
COD;SELTRA300_4to7;4.5;0.001352728;-0.002184;0.016298
COD;SELTRA300_4to7;5.5;0.001511071;-0.002363;0.017178
COD;SELTRA300_4to7;6.5;0.001708006;-0.002564;0.0187
COD;SELTRA300_4to7;7.5;0.00196795;-0.002785;0.020966
COD;SELTRA300_4to7;8.5;0.002336029;-0.003016;0.02235
COD;SELTRA300_4to7;9.5;0.002896047;-0.003233;0.023649
COD;SELTRA300_4to7;10.5;0.003803225;-0.003377;0.025218
COD;SELTRA300_4to7;11.5;0.005341737;-0.003307;0.028361
COD;SELTRA300_4to7;12.5;0.00801825;-0.002751;0.031628
COD;SELTRA300_4to7;13.5;0.012689272;-0.000852;0.037852
COD;SELTRA300_4to7;14.5;0.020656964;0.003313;0.054391
COD;SELTRA300_4to7;15.5;0.033504137;0.00977;0.081018
COD;SELTRA300_4to7;16.5;0.052259981;0.017669;0.12876
COD;SELTRA300_4to7;17.5;0.075896285;0.027333;0.147992
COD;SELTRA300_4to7;18.5;0.100676608;0.04431;0.163141
COD;SELTRA300_4to7;19.5;0.122129684;0.068307;0.177551
COD;SELTRA300_4to7;20.5;0.13789171;0.084093;0.192212
COD;SELTRA300_4to7;21.5;0.148218301;0.094987;0.203183
COD;SELTRA300_4to7;22.5;0.154592097;0.098123;0.210012
COD;SELTRA300_4to7;23.5;0.158501185;0.101713;0.215651
COD;SELTRA300_4to7;24.5;0.16101089;0.102834;0.218792
COD;SELTRA300_4to7;25.5;0.162779674;0.10326;0.221178
COD;SELTRA300_4to7;26.5;0.164187051;0.103632;0.226731
COD;SELTRA300_4to7;27.5;0.1654454;0.102965;0.228807
COD;SELTRA300_4to7;28.5;0.166673263;0.102661;0.232596
COD;SELTRA300_4to7;29.5;0.167938328;0.103605;0.234746
COD;SELTRA300_4to7;30.5;0.16928136;0.103226;0.2399
COD;SELTRA300_4to7;31.5;0.1707292;0.10339;0.247547
COD;SELTRA300_4to7;32.5;0.172301744;0.103587;0.25376
COD;SELTRA300_4to7;33.5;0.174015674;0.104475;0.2645
COD;SELTRA300_4to7;34.5;0.175886461;0.104196;0.269227
COD;SELTRA300_4to7;35.5;0.177929447;0.103776;0.282243
COD;SELTRA300_4to7;36.5;0.180160439;0.103884;0.298191
COD;SELTRA300_4to7;37.5;0.182596041;0.103722;0.311662
COD;SELTRA300_4to7;38.5;0.185253851;0.103478;0.324572
COD;SELTRA300_4to7;39.5;0.188152575;0.103299;0.33905
COD;SELTRA300_4to7;40.5;0.191312093;0.103671;0.357202
COD;SELTRA300_4to7;41.5;0.194753496;0.105103;0.376491
COD;SELTRA300_4to7;42.5;0.198499093;0.105673;0.394009
COD;SELTRA300_4to7;43.5;0.202572399;0.106283;0.414267
COD;SELTRA300_4to7;44.5;0.206998095;0.106695;0.439226
COD;SELTRA300_4to7;45.5;0.211801952;0.107296;0.461723
COD;SELTRA300_4to7;46.5;0.217010735;0.10902;0.483143
COD;SELTRA300_4to7;47.5;0.222652059;0.110045;0.510245
COD;SELTRA300_4to7;48.5;0.228754207;0.111735;0.527657
COD;SELTRA300_4to7;49.5;0.235345901;0.113322;0.550621
COD;SELTRA300_4to7;50.5;0.242456019;0.115336;0.573963
COD;SELTRA300_4to7;51.5;0.250113257;0.117607;0.593303
COD;SELTRA300_4to7;52.5;0.258345734;0.120963;0.620227
COD;SELTRA300_4to7;53.5;0.267180531;0.124155;0.645528
COD;SELTRA300_4to7;54.5;0.276643173;0.128535;0.669569
COD;SELTRA300_4to7;55.5;0.286757049;0.132595;0.69335
COD;SELTRA300_4to7;56.5;0.297542781;0.137266;0.72017
COD;SELTRA300_4to7;57.5;0.309017548;0.142025;0.749879
COD;SELTRA300_4to7;58.5;0.321194376;0.148524;0.779496
COD;SELTRA300_4to7;59.5;0.33408141;0.155227;0.80585
COD;SELTRA300_4to7;60.5;0.3476812;0.160814;0.830393
COD;SELTRA300_4to7;61.5;0.361990002;0.166922;0.851841
COD;SELTRA300_4to7;62.5;0.376997149;0.171779;0.874468
COD;SELTRA300_4to7;63.5;0.392684504;0.174221;0.89237
COD;SELTRA300_4to7;64.5;0.409026036;0.160878;0.887453
COD;SELTRA300_4to7;65.5;0.425987544;0.09778;0.870526
COD;SELTRA300_4to7;66.5;0.443526561;0.039874;0.889876
COD;SELTRA300_4to7;67.5;0.46159247;0.017749;0.88753
COD;SELTRA300_4to7;68.5;0.480126825;0.012155;0.875482
COD;SELTRA300_4to7;69.5;0.499063923;0.019003;0.857367
COD;SELTRA300_4to7;70.5;0.518331579;-0.021704;0.816692
COD;SELTRA300_4to7;71.5;0.537852139;-0.059206;0.779193
COD;SELTRA300_4to7;72.5;0.557543658;-0.061817;0.776583
COD;SELTRA300_4to7;73.5;0.577321251;-0.053547;0.784853
COD;SELTRA300_4to7;74.5;0.597098532;-0.042707;0.795693
COD;SELTRA300_4to7;75.5;0.616789121;-0.030838;0.807562
COD;SELTRA300_4to7;76.5;0.636308148;-0.018432;0.819968
COD;SELTRA300_4to7;77.5;0.655573696;-0.002983;0.832636
COD;SELTRA300_4to7;78.5;0.674508144;0.010771;0.845371
COD;SELTRA300_4to7;79.5;0.693039354;0.023426;0.858026
COD;SELTRA300_4to7;80.5;0.711101668;0.035887;0.870487
COD;SELTRA300_4to7;81.5;0.728636699;0.048059;0.882659
COD;SELTRA300_4to7;82.5;0.745593885;0.05987;0.89447
COD;SELTRA300_4to7;83.5;0.761930819;0.07126;0.90586
COD;SELTRA300_4to7;84.5;0.77761336;0.082182;0.916782
COD;SELTRA300_4to7;85.5;0.792615535;0.092879;0.927179
COD;SELTRA300_4to7;86.5;0.806919261;0.103674;0.936874
COD;SELTRA300_4to7;87.5;0.820513924;0.112356;0.945556
COD;SELTRA300_4to7;88.5;0.833395829;0.120189;0.953389
COD;SELTRA300_4to7;89.5;0.845567567;0.127892;0.961092
COD;SELTRA300_4to7;90.5;0.857037321;0.136312;0.968576
COD;SELTRA300_4to7;91.5;0.86781815;0.142957;0.975155
COD;SELTRA300_4to7;92.5;0.877927259;0.149114;0.98112
COD;SELTRA300_4to7;93.5;0.887385294;0.155594;0.987047
COD;SELTRA300_4to7;94.5;0.896215661;0.16268;0.99254
COD;SELTRA300_4to7;95.5;0.904443898;0.172004;0.997301
COD;SELTRA300_4to7;96.5;0.912097095;0.178703;1.001727
COD;SELTRA300_4to7;97.5;0.919203377;0.194115;1.005774
COD;SELTRA300_4to7;98.5;0.925791443;0.23026;1.008535
COD;SELTRA300_4to7;99.5;0.93189017;0.403301;1.006001
COD;SELTRA300_4to7;100.5;0.937528279;0.573334;0.995915
COD;SELTRA300_4to7;101.5;0.942734047;0.582432;0.992701
COD;SELTRA300_4to7;102.5;0.947535085;0.593641;0.994106
COD;SELTRA300_4to7;103.5;0.951958147;0.6063;0.996153
COD;SELTRA300_4to7;104.5;0.956028998;0.619241;0.998099
COD;SELTRA300_4to7;105.5;0.959772304;0.630835;0.99984
COD;SELTRA300_4to7;106.5;0.963211564;0.645733;1.001372
COD;SELTRA300_4to7;107.5;0.966369065;0.658283;1.002709
COD;SELTRA300_4to7;108.5;0.969265861;0.670183;1.003867
COD;SELTRA300_4to7;109.5;0.971921772;0.681502;1.004863
COD;SELTRA300_4to7;110.5;0.974355394;0.69415;1.005712
COD;SELTRA300_4to7;111.5;0.976584129;0.705518;1.006428
COD;SELTRA300_4to7;112.5;0.978624219;0.716594;1.007024
COD;SELTRA300_4to7;113.5;0.980490785;0.727382;1.007514
COD;SELTRA300_4to7;114.5;0.98219788;0.737881;1.007908
COD;SELTRA300_4to7;115.5;0.983758539;0.748094;1.008217
COD;SELTRA300_4to7;116.5;0.985184828;0.756692;1.008449
COD;SELTRA300_4to7;117.5;0.986487904;0.764686;1.008615
COD;SELTRA300_4to7;118.5;0.987678068;0.773983;1.008722
COD;SELTRA300_4to7;119.5;0.988764816;0.783091;1.008776
COD;SELTRA300_4to7;120.5;0.989756896;0.791924;1.008785
NEP;SELTRA300_4to7;0.5;0.005185534;-0.026883;0.152372
NEP;SELTRA300_4to7;1.5;0.006307596;-0.02741;0.157816
NEP;SELTRA300_4to7;2.5;0.007669566;-0.027825;0.1635
NEP;SELTRA300_4to7;3.5;0.009321359;-0.028097;0.169453
NEP;SELTRA300_4to7;4.5;0.011322626;-0.028187;0.175713
NEP;SELTRA300_4to7;5.5;0.013744339;-0.028046;0.183199
NEP;SELTRA300_4to7;6.5;0.01667049;-0.02762;0.191181
NEP;SELTRA300_4to7;7.5;0.02019983;-0.026844;0.198751
NEP;SELTRA300_4to7;8.5;0.02444752;-0.025642;0.209596
NEP;SELTRA300_4to7;9.5;0.029546512;-0.023929;0.21833
NEP;SELTRA300_4to7;10.5;0.035648371;-0.021609;0.227773
NEP;SELTRA300_4to7;11.5;0.042923162;-0.018581;0.238023
NEP;SELTRA300_4to7;12.5;0.051557896;-0.014737;0.249178
NEP;SELTRA300_4to7;13.5;0.061752905;-0.009976;0.266308
NEP;SELTRA300_4to7;14.5;0.073715458;-0.004207;0.283818
NEP;SELTRA300_4to7;15.5;0.08764995;0.002631;0.298548
NEP;SELTRA300_4to7;16.5;0.103744136;0.010554;0.321686
NEP;SELTRA300_4to7;17.5;0.122151376;0.019526;0.338997
NEP;SELTRA300_4to7;18.5;0.142969491;0.029415;0.356744
NEP;SELTRA300_4to7;19.5;0.166217933;0.040328;0.385986
NEP;SELTRA300_4to7;20.5;0.191816073;0.05206;0.409974
NEP;SELTRA300_4to7;21.5;0.21956649;0.064635;0.433546
NEP;SELTRA300_4to7;22.5;0.249147577;0.081845;0.456859
NEP;SELTRA300_4to7;23.5;0.280119193;0.108266;0.466867
NEP;SELTRA300_4to7;24.5;0.311943264;0.156987;0.481113
NEP;SELTRA300_4to7;25.5;0.344018316;0.211844;0.499786
NEP;SELTRA300_4to7;26.5;0.375723721;0.260988;0.521426
NEP;SELTRA300_4to7;27.5;0.406466983;0.28013;0.526588
NEP;SELTRA300_4to7;28.5;0.435726579;0.322208;0.531273
NEP;SELTRA300_4to7;29.5;0.46308404;0.404908;0.542387
NEP;SELTRA300_4to7;30.5;0.488241657;0.43523;0.570689
NEP;SELTRA300_4to7;31.5;0.511025401;0.463887;0.603927
NEP;SELTRA300_4to7;32.5;0.531375413;0.489418;0.626155
NEP;SELTRA300_4to7;33.5;0.549327991;0.507182;0.648711
NEP;SELTRA300_4to7;34.5;0.564993398;0.519899;0.673
NEP;SELTRA300_4to7;35.5;0.578533164;0.529047;0.694624
NEP;SELTRA300_4to7;36.5;0.590139507;0.532939;0.716916
NEP;SELTRA300_4to7;37.5;0.600018315;0.535641;0.741646
NEP;SELTRA300_4to7;38.5;0.608376174;0.53722;0.759052
NEP;SELTRA300_4to7;39.5;0.615411251;0.537839;0.774513
NEP;SELTRA300_4to7;40.5;0.621307505;0.537459;0.786964
NEP;SELTRA300_4to7;41.5;0.626231512;0.53655;0.797653
NEP;SELTRA300_4to7;42.5;0.630331228;0.535227;0.806245
NEP;SELTRA300_4to7;43.5;0.633736095;0.533355;0.813658
NEP;SELTRA300_4to7;44.5;0.636558;0.531162;0.822379
NEP;SELTRA300_4to7;45.5;0.63889272;0.528727;0.826262
NEP;SELTRA300_4to7;46.5;0.640821607;0.526337;0.830874
NEP;SELTRA300_4to7;47.5;0.642413326;0.523562;0.835625
NEP;SELTRA300_4to7;48.5;0.643725535;0.520645;0.840756
NEP;SELTRA300_4to7;49.5;0.644806447;0.517618;0.84547
NEP;SELTRA300_4to7;50.5;0.645696245;0.514498;0.84861
NEP;SELTRA300_4to7;51.5;0.64642832;0.511208;0.849166
NEP;SELTRA300_4to7;52.5;0.647030371;0.508318;0.849487
NEP;SELTRA300_4to7;53.5;0.647525399;0.506188;0.848973
NEP;SELTRA300_4to7;54.5;0.647933123;0.506028;0.846574
NEP;SELTRA300_4to7;55.5;0.648276205;0.49629;0.843852
NEP;SELTRA300_4to7;56.5;0.648630847;0.487826;0.8554
NEP;SELTRA300_4to7;57.5;0.649576063;0.461468;0.864944
NEP;SELTRA300_4to7;58.5;0.656109831;0.449855;0.854105
NEP;SELTRA300_4to7;59.5;0.704477876;0.514933;0.878941
NEP;SELTRA300_4to7;60.5;0.869171764;0.692273;0.998286
NEP;SELTRA300_4to7;61.5;0.977719819;0.770397;1.07027
NEP;SELTRA300_4to7;62.5;0.996872709;0.784021;1.077625
NEP;SELTRA300_4to7;63.5;0.999229925;0.787815;1.075123
NEP;SELTRA300_4to7;64.5;0.999569086;0.790946;1.071954
NEP;SELTRA300_4to7;65.5;0.9996687;0.794281;1.068995
NEP;SELTRA300_4to7;66.5;0.999730579;0.797818;1.066249
NEP;SELTRA300_4to7;67.5;0.999779158;0.801499;1.063665
NEP;SELTRA300_4to7;68.5;0.999818783;0.805283;1.061208
NEP;SELTRA300_4to7;69.5;0.999851278;0.809143;1.058856
NEP;SELTRA300_4to7;70.5;0.999877944;0.813282;1.056596
NEP;SELTRA300_4to7;71.5;0.999899829;0.819486;1.054422
NEP;SELTRA300_4to7;72.5;0.999917791;0.823833;1.052326
NEP;SELTRA300_4to7;73.5;0.999932532;0.827809;1.050305
NEP;SELTRA300_4to7;74.5;0.999944629;0.832016;1.048356
NEP;SELTRA300_4to7;75.5;0.999954558;0.83616;1.046476
NEP;SELTRA300_4to7;76.5;0.999962707;0.840215;1.044663
NEP;SELTRA300_4to7;77.5;0.999969394;0.844258;1.042915
NEP;SELTRA300_4to7;78.5;0.999974882;0.848283;1.04123
NEP;SELTRA300_4to7;79.5;0.999979386;0.852285;1.039605
NEP;SELTRA300_4to7;80.5;0.999983083;0.856259;1.038039
NEP;SELTRA300_4to7;81.5;0.999986116;0.860199;1.036531
NEP;SELTRA300_4to7;82.5;0.999988606;0.864101;1.035078
NEP;SELTRA300_4to7;83.5;0.999990649;0.867967;1.033679
NEP;SELTRA300_4to7;84.5;0.999992326;0.872606;1.032331
NEP;SELTRA300_4to7;85.5;0.999993702;0.87717;1.031034
NEP;SELTRA300_4to7;86.5;0.999994831;0.881652;1.029786
NEP;SELTRA300_4to7;87.5;0.999995758;0.885721;1.028585
NEP;SELTRA300_4to7;88.5;0.999996519;0.889264;1.027429
NEP;SELTRA300_4to7;89.5;0.999997143;0.892743;1.026317
NEP;SELTRA300_4to7;90.5;0.999997655;0.896155;1.025248
NEP;SELTRA300_4to7;91.5;0.999998076;0.899499;1.024219
NEP;SELTRA300_4to7;92.5;0.999998421;0.902774;1.023231
NEP;SELTRA300_4to7;93.5;0.999998704;0.905978;1.02228
NEP;SELTRA300_4to7;94.5;0.999998936;0.90911;1.021366
NEP;SELTRA300_4to7;95.5;0.999999127;0.912169;1.020488
NEP;SELTRA300_4to7;96.5;0.999999284;0.915154;1.019645
NEP;SELTRA300_4to7;97.5;0.999999412;0.918066;1.018834
NEP;SELTRA300_4to7;98.5;0.999999518;0.920904;1.018055
NEP;SELTRA300_4to7;99.5;0.999999604;0.923667;1.017307
NEP;SELTRA300_4to7;100.5;0.999999675;0.926357;1.016589
NEP;SELTRA300_4to7;101.5;0.999999733;0.928973;1.015899
NEP;SELTRA300_4to7;102.5;0.999999781;0.931516;1.015237
NEP;SELTRA300_4to7;103.5;0.99999982;0.933986;1.014601
NEP;SELTRA300_4to7;104.5;0.999999853;0.936384;1.013991
NEP;SELTRA300_4to7;105.5;0.999999879;0.938711;1.013405
NEP;SELTRA300_4to7;106.5;0.999999901;0.940967;1.012843
NEP;SELTRA300_4to7;107.5;0.999999919;0.943154;1.012304
NEP;SELTRA300_4to7;108.5;0.999999933;0.945273;1.011786
NEP;SELTRA300_4to7;109.5;0.999999945;0.947325;1.01129
NEP;SELTRA300_4to7;110.5;0.999999955;0.949311;1.010813
NEP;SELTRA300_4to7;111.5;0.999999963;0.951233;1.010356
NEP;SELTRA300_4to7;112.5;0.99999997;0.953091;1.009918
NEP;SELTRA300_4to7;113.5;0.999999975;0.954887;1.009498
NEP;SELTRA300_4to7;114.5;0.99999998;0.956622;1.009095
NEP;SELTRA300_4to7;115.5;0.999999983;0.958299;1.008709
NEP;SELTRA300_4to7;116.5;0.999999986;0.959917;1.008339
NEP;SELTRA300_4to7;117.5;0.999999989;0.961479;1.007984
NEP;SELTRA300_4to7;118.5;0.999999991;0.962987;1.007644
NEP;SELTRA300_4to7;119.5;0.999999992;0.964441;1.007318
NEP;SELTRA300_4to7;120.5;0.999999994;0.965842;1.007005
PLE;SELTRA300_4to7;0.5;4.21E-07;0;0.000015
PLE;SELTRA300_4to7;1.5;0.000000808;0;0.000024
PLE;SELTRA300_4to7;2.5;0.00000155;0;0.000038
PLE;SELTRA300_4to7;3.5;2.97E-06;0;0.000062
PLE;SELTRA300_4to7;4.5;5.70E-06;-0.000001;0.0001
PLE;SELTRA300_4to7;5.5;1.09E-05;-0.000001;0.000162
PLE;SELTRA300_4to7;6.5;2.10E-05;-0.000001;0.000264
PLE;SELTRA300_4to7;7.5;4.03E-05;-0.000002;0.000431
PLE;SELTRA300_4to7;8.5;7.72E-05;-0.000002;0.000704
PLE;SELTRA300_4to7;9.5;0.000148125;0;0.001122
PLE;SELTRA300_4to7;10.5;0.000284079;0.000007;0.001804
PLE;SELTRA300_4to7;11.5;0.000544713;0.000029;0.002922
PLE;SELTRA300_4to7;12.5;0.001044108;0.000091;0.004668
PLE;SELTRA300_4to7;13.5;0.002000061;0.000247;0.007468
PLE;SELTRA300_4to7;14.5;0.00382666;0.000655;0.012221
PLE;SELTRA300_4to7;15.5;0.007305006;0.001645;0.019433
PLE;SELTRA300_4to7;16.5;0.013886491;0.004216;0.031147
PLE;SELTRA300_4to7;17.5;0.02619119;0.010849;0.050205
PLE;SELTRA300_4to7;18.5;0.048691139;0.026333;0.07894
PLE;SELTRA300_4to7;19.5;0.088215362;0.061165;0.126412
PLE;SELTRA300_4to7;20.5;0.152984034;0.118117;0.200429
PLE;SELTRA300_4to7;21.5;0.247889683;0.19607;0.315785
PLE;SELTRA300_4to7;22.5;0.366255477;0.289508;0.463067
PLE;SELTRA300_4to7;23.5;0.487032383;0.395524;0.588158
PLE;SELTRA300_4to7;24.5;0.586597489;0.495123;0.671328
PLE;SELTRA300_4to7;25.5;0.653645369;0.576533;0.719189
PLE;SELTRA300_4to7;26.5;0.690337512;0.621347;0.751953
PLE;SELTRA300_4to7;27.5;0.704206489;0.618202;0.775689
PLE;SELTRA300_4to7;28.5;0.702030932;0.592271;0.796605
PLE;SELTRA300_4to7;29.5;0.688061591;0.536765;0.800648
PLE;SELTRA300_4to7;30.5;0.664409456;0.4654;0.794473
PLE;SELTRA300_4to7;31.5;0.631926833;0.395612;0.787273
PLE;SELTRA300_4to7;32.5;0.591015671;0.324552;0.776108
PLE;SELTRA300_4to7;33.5;0.542266365;0.262011;0.7642
PLE;SELTRA300_4to7;34.5;0.486904229;0.1959;0.756608
PLE;SELTRA300_4to7;35.5;0.426982875;0.1489;0.74889
PLE;SELTRA300_4to7;36.5;0.365262126;0.105086;0.749796
PLE;SELTRA300_4to7;37.5;0.304794363;0.066276;0.749315
PLE;SELTRA300_4to7;38.5;0.248373157;0.0459;0.740851
PLE;SELTRA300_4to7;39.5;0.198065817;0.032335;0.676818
PLE;SELTRA300_4to7;40.5;0.154992348;0.027686;0.463084
PLE;SELTRA300_4to7;41.5;0.119373785;0.033678;0.276728
PLE;SELTRA300_4to7;42.5;0.090757502;0.032334;0.249702
PLE;SELTRA300_4to7;43.5;0.068295062;0.026236;0.217705
PLE;SELTRA300_4to7;44.5;0.050982588;0.021126;0.187957
PLE;SELTRA300_4to7;45.5;0.037826459;0.016699;0.159337
PLE;SELTRA300_4to7;46.5;0.027935723;0.012947;0.139322
PLE;SELTRA300_4to7;47.5;0.020559827;0.00988;0.117324
PLE;SELTRA300_4to7;48.5;0.015092469;0.007438;0.100396
PLE;SELTRA300_4to7;49.5;0.011057927;0.005553;0.085663
PLE;SELTRA300_4to7;50.5;0.008090542;0.004127;0.07367
PLE;SELTRA300_4to7;51.5;0.005913353;0.003038;0.063211
PLE;SELTRA300_4to7;52.5;0.004318786;0.002225;0.054112
PLE;SELTRA300_4to7;53.5;0.003152458;0.001621;0.046511
PLE;SELTRA300_4to7;54.5;0.002300178;0.001176;0.039974
PLE;SELTRA300_4to7;55.5;0.001677819;0.000851;0.034353
PLE;SELTRA300_4to7;56.5;0.001223588;0.000613;0.029521
PLE;SELTRA300_4to7;57.5;0.000892189;0.000441;0.024705
PLE;SELTRA300_4to7;58.5;0.000650472;0.000316;0.020774
PLE;SELTRA300_4to7;59.5;0.000474203;0.000226;0.017919
PLE;SELTRA300_4to7;60.5;0.000345679;0.000161;0.01527
PLE;SELTRA300_4to7;61.5;0.000251978;0.000115;0.012846
PLE;SELTRA300_4to7;62.5;0.00018367;0.000081;0.010805
PLE;SELTRA300_4to7;63.5;0.000133876;0.000057;0.009124
PLE;SELTRA300_4to7;64.5;9.76E-05;0.00004;0.007819
PLE;SELTRA300_4to7;65.5;7.11E-05;0.000028;0.006731
PLE;SELTRA300_4to7;66.5;5.18E-05;0.00002;0.005796
PLE;SELTRA300_4to7;67.5;0.000037784;0.000014;0.004982
PLE;SELTRA300_4to7;68.5;2.75E-05;0.000009;0.004235
PLE;SELTRA300_4to7;69.5;2.01E-05;0.000006;0.003613
PLE;SELTRA300_4to7;70.5;1.46E-05;0.000004;0.003096
PLE;SELTRA300_4to7;71.5;1.07E-05;0.000003;0.002653
PLE;SELTRA300_4to7;72.5;7.77E-06;0.000002;0.002259
PLE;SELTRA300_4to7;73.5;5.66E-06;0.000001;0.001916
PLE;SELTRA300_4to7;74.5;4.13E-06;0.000001;0.001625
PLE;SELTRA300_4to7;75.5;0.000003009;0;0.001379
PLE;SELTRA300_4to7;76.5;2.19E-06;0;0.001169
PLE;SELTRA300_4to7;77.5;1.60E-06;0;0.000992
PLE;SELTRA300_4to7;78.5;0.000001165;0;0.000849
PLE;SELTRA300_4to7;79.5;8.49E-07;0;0.000728
PLE;SELTRA300_4to7;80.5;6.19E-07;0;0.000623
PLE;SELTRA300_4to7;81.5;4.51E-07;0;0.000534
PLE;SELTRA300_4to7;82.5;3.29E-07;0;0.000457
PLE;SELTRA300_4to7;83.5;2.40E-07;0;0.000392
PLE;SELTRA300_4to7;84.5;1.75E-07;0;0.000336
PLE;SELTRA300_4to7;85.5;1.27E-07;0;0.000288
PLE;SELTRA300_4to7;86.5;9.28E-08;0;0.000246
PLE;SELTRA300_4to7;87.5;6.76E-08;0;0.000211
PLE;SELTRA300_4to7;88.5;4.93E-08;0;0.000181
PLE;SELTRA300_4to7;89.5;3.59E-08;0;0.000155
PLE;SELTRA300_4to7;90.5;2.62E-08;0;0.000133
PLE;SELTRA300_4to7;91.5;1.91E-08;0;0.000114
PLE;SELTRA300_4to7;92.5;1.39E-08;0;0.000097
PLE;SELTRA300_4to7;93.5;1.01E-08;0;0.000083
PLE;SELTRA300_4to7;94.5;7.40E-09;0;0.000071
PLE;SELTRA300_4to7;95.5;5.40E-09;0;0.000061
PLE;SELTRA300_4to7;96.5;3.90E-09;0;0.000052
PLE;SELTRA300_4to7;97.5;2.90E-09;0;0.000045
PLE;SELTRA300_4to7;98.5;2.10E-09;0;0.000038
PLE;SELTRA300_4to7;99.5;1.50E-09;0;0.000033
PLE;SELTRA300_4to7;100.5;1.10E-09;0;0.000028
PLE;SELTRA300_4to7;101.5;8.00E-10;0;0.000024
PLE;SELTRA300_4to7;102.5;6.00E-10;0;0.000021
PLE;SELTRA300_4to7;103.5;4.00E-10;0;0.000018
PLE;SELTRA300_4to7;104.5;3.00E-10;0;0.000015
PLE;SELTRA300_4to7;105.5;2.00E-10;0;0.000013
PLE;SELTRA300_4to7;106.5;2.00E-10;0;0.000011
PLE;SELTRA300_4to7;107.5;1.00E-10;0;0.000009
PLE;SELTRA300_4to7;108.5;1.00E-10;0;0.000008
PLE;SELTRA300_4to7;109.5;1.00E-10;0;0.000007
PLE;SELTRA300_4to7;110.5;0;0;0.000006
PLE;SELTRA300_4to7;111.5;0;0;0.000005
PLE;SELTRA300_4to7;112.5;0;0;0.000004
PLE;SELTRA300_4to7;113.5;0;0;0.000004
PLE;SELTRA300_4to7;114.5;0;0;0.000003
PLE;SELTRA300_4to7;115.5;0;0;0.000003
PLE;SELTRA300_4to7;116.5;0;0;0.000002
PLE;SELTRA300_4to7;117.5;0;0;0.000002
PLE;SELTRA300_4to7;118.5;0;0;0.000002
PLE;SELTRA300_4to7;119.5;0;0;0.000001
PLE;SELTRA300_4to7;120.5;0;0;0.000001
COD;GSF_SELTRA300;0.5;0.000910877;-0.00164;0.013084
COD;GSF_SELTRA300;1.5;0.001002174;-0.001755;0.01371
COD;GSF_SELTRA300;2.5;0.001104199;-0.001882;0.01436
COD;GSF_SELTRA300;3.5;0.001219602;-0.002025;0.015355
COD;GSF_SELTRA300;4.5;0.001352728;-0.002184;0.016298
COD;GSF_SELTRA300;5.5;0.001511071;-0.002363;0.017178
COD;GSF_SELTRA300;6.5;0.001708006;-0.002564;0.0187
COD;GSF_SELTRA300;7.5;0.00196795;-0.002785;0.020966
COD;GSF_SELTRA300;8.5;0.002336029;-0.003016;0.02235
COD;GSF_SELTRA300;9.5;0.002896047;-0.003233;0.023649
COD;GSF_SELTRA300;10.5;0.003803225;-0.003377;0.025218
COD;GSF_SELTRA300;11.5;0.005341737;-0.003307;0.028361
COD;GSF_SELTRA300;12.5;0.00801825;-0.002751;0.031628
COD;GSF_SELTRA300;13.5;0.012689272;-0.000852;0.037852
COD;GSF_SELTRA300;14.5;0.020656964;0.003313;0.054391
COD;GSF_SELTRA300;15.5;0.033504137;0.00977;0.081018
COD;GSF_SELTRA300;16.5;0.052259981;0.017669;0.12876
COD;GSF_SELTRA300;17.5;0.075896285;0.027333;0.147992
COD;GSF_SELTRA300;18.5;0.100676608;0.04431;0.163141
COD;GSF_SELTRA300;19.5;0.122129684;0.068307;0.177551
COD;GSF_SELTRA300;20.5;0.13789171;0.084093;0.192212
COD;GSF_SELTRA300;21.5;0.148218301;0.094987;0.203183
COD;GSF_SELTRA300;22.5;0.154592097;0.098123;0.210012
COD;GSF_SELTRA300;23.5;0.158501185;0.101713;0.215651
COD;GSF_SELTRA300;24.5;0.16101089;0.102834;0.218792
COD;GSF_SELTRA300;25.5;0.162779674;0.10326;0.221178
COD;GSF_SELTRA300;26.5;0.164187051;0.103632;0.226731
COD;GSF_SELTRA300;27.5;0.1654454;0.102965;0.228807
COD;GSF_SELTRA300;28.5;0.166673263;0.102661;0.232596
COD;GSF_SELTRA300;29.5;0.167938328;0.103605;0.234746
COD;GSF_SELTRA300;30.5;0.16928136;0.103226;0.2399
COD;GSF_SELTRA300;31.5;0.1707292;0.10339;0.247547
COD;GSF_SELTRA300;32.5;0.172301744;0.103587;0.25376
COD;GSF_SELTRA300;33.5;0.174015674;0.104475;0.2645
COD;GSF_SELTRA300;34.5;0.175886461;0.104196;0.269227
COD;GSF_SELTRA300;35.5;0.177929447;0.103776;0.282243
COD;GSF_SELTRA300;36.5;0.180160439;0.103884;0.298191
COD;GSF_SELTRA300;37.5;0.182596041;0.103722;0.311662
COD;GSF_SELTRA300;38.5;0.185253851;0.103478;0.324572
COD;GSF_SELTRA300;39.5;0.188152575;0.103299;0.33905
COD;GSF_SELTRA300;40.5;0.191312093;0.103671;0.357202
COD;GSF_SELTRA300;41.5;0.194753496;0.105103;0.376491
COD;GSF_SELTRA300;42.5;0.198499093;0.105673;0.394009
COD;GSF_SELTRA300;43.5;0.202572399;0.106283;0.414267
COD;GSF_SELTRA300;44.5;0.206998095;0.106695;0.439226
COD;GSF_SELTRA300;45.5;0.211801952;0.107296;0.461723
COD;GSF_SELTRA300;46.5;0.217010735;0.10902;0.483143
COD;GSF_SELTRA300;47.5;0.222652059;0.110045;0.510245
COD;GSF_SELTRA300;48.5;0.228754207;0.111735;0.527657
COD;GSF_SELTRA300;49.5;0.235345901;0.113322;0.550621
COD;GSF_SELTRA300;50.5;0.242456019;0.115336;0.573963
COD;GSF_SELTRA300;51.5;0.250113257;0.117607;0.593303
COD;GSF_SELTRA300;52.5;0.258345734;0.120963;0.620227
COD;GSF_SELTRA300;53.5;0.267180531;0.124155;0.645528
COD;GSF_SELTRA300;54.5;0.276643173;0.128535;0.669569
COD;GSF_SELTRA300;55.5;0.286757049;0.132595;0.69335
COD;GSF_SELTRA300;56.5;0.297542781;0.137266;0.72017
COD;GSF_SELTRA300;57.5;0.309017548;0.142025;0.749879
COD;GSF_SELTRA300;58.5;0.321194376;0.148524;0.779496
COD;GSF_SELTRA300;59.5;0.33408141;0.155227;0.80585
COD;GSF_SELTRA300;60.5;0.3476812;0.160814;0.830393
COD;GSF_SELTRA300;61.5;0.361990002;0.166922;0.851841
COD;GSF_SELTRA300;62.5;0.376997149;0.171779;0.874468
COD;GSF_SELTRA300;63.5;0.392684504;0.174221;0.89237
COD;GSF_SELTRA300;64.5;0.409026036;0.160878;0.887453
COD;GSF_SELTRA300;65.5;0.425987544;0.09778;0.870526
COD;GSF_SELTRA300;66.5;0.443526561;0.039874;0.889876
COD;GSF_SELTRA300;67.5;0.46159247;0.017749;0.88753
COD;GSF_SELTRA300;68.5;0.480126825;0.012155;0.875482
COD;GSF_SELTRA300;69.5;0.499063923;0.019003;0.857367
COD;GSF_SELTRA300;70.5;0.518331579;-0.021704;0.816692
COD;GSF_SELTRA300;71.5;0.537852139;-0.059206;0.779193
COD;GSF_SELTRA300;72.5;0.557543658;-0.061817;0.776583
COD;GSF_SELTRA300;73.5;0.577321251;-0.053547;0.784853
COD;GSF_SELTRA300;74.5;0.597098532;-0.042707;0.795693
COD;GSF_SELTRA300;75.5;0.616789121;-0.030838;0.807562
COD;GSF_SELTRA300;76.5;0.636308148;-0.018432;0.819968
COD;GSF_SELTRA300;77.5;0.655573696;-0.002983;0.832636
COD;GSF_SELTRA300;78.5;0.674508144;0.010771;0.845371
COD;GSF_SELTRA300;79.5;0.693039354;0.023426;0.858026
COD;GSF_SELTRA300;80.5;0.711101668;0.035887;0.870487
COD;GSF_SELTRA300;81.5;0.728636699;0.048059;0.882659
COD;GSF_SELTRA300;82.5;0.745593885;0.05987;0.89447
COD;GSF_SELTRA300;83.5;0.761930819;0.07126;0.90586
COD;GSF_SELTRA300;84.5;0.77761336;0.082182;0.916782
COD;GSF_SELTRA300;85.5;0.792615535;0.092879;0.927179
COD;GSF_SELTRA300;86.5;0.806919261;0.103674;0.936874
COD;GSF_SELTRA300;87.5;0.820513924;0.112356;0.945556
COD;GSF_SELTRA300;88.5;0.833395829;0.120189;0.953389
COD;GSF_SELTRA300;89.5;0.845567567;0.127892;0.961092
COD;GSF_SELTRA300;90.5;0.857037321;0.136312;0.968576
COD;GSF_SELTRA300;91.5;0.86781815;0.142957;0.975155
COD;GSF_SELTRA300;92.5;0.877927259;0.149114;0.98112
COD;GSF_SELTRA300;93.5;0.887385294;0.155594;0.987047
COD;GSF_SELTRA300;94.5;0.896215661;0.16268;0.99254
COD;GSF_SELTRA300;95.5;0.904443898;0.172004;0.997301
COD;GSF_SELTRA300;96.5;0.912097095;0.178703;1.001727
COD;GSF_SELTRA300;97.5;0.919203377;0.194115;1.005774
COD;GSF_SELTRA300;98.5;0.925791443;0.23026;1.008535
COD;GSF_SELTRA300;99.5;0.93189017;0.403301;1.006001
COD;GSF_SELTRA300;100.5;0.937528279;0.573334;0.995915
COD;GSF_SELTRA300;101.5;0.942734047;0.582432;0.992701
COD;GSF_SELTRA300;102.5;0.947535085;0.593641;0.994106
COD;GSF_SELTRA300;103.5;0.951958147;0.6063;0.996153
COD;GSF_SELTRA300;104.5;0.956028998;0.619241;0.998099
COD;GSF_SELTRA300;105.5;0.959772304;0.630835;0.99984
COD;GSF_SELTRA300;106.5;0.963211564;0.645733;1.001372
COD;GSF_SELTRA300;107.5;0.966369065;0.658283;1.002709
COD;GSF_SELTRA300;108.5;0.969265861;0.670183;1.003867
COD;GSF_SELTRA300;109.5;0.971921772;0.681502;1.004863
COD;GSF_SELTRA300;110.5;0.974355394;0.69415;1.005712
COD;GSF_SELTRA300;111.5;0.976584129;0.705518;1.006428
COD;GSF_SELTRA300;112.5;0.978624219;0.716594;1.007024
COD;GSF_SELTRA300;113.5;0.980490785;0.727382;1.007514
COD;GSF_SELTRA300;114.5;0.98219788;0.737881;1.007908
COD;GSF_SELTRA300;115.5;0.983758539;0.748094;1.008217
COD;GSF_SELTRA300;116.5;0.985184828;0.756692;1.008449
COD;GSF_SELTRA300;117.5;0.986487904;0.764686;1.008615
COD;GSF_SELTRA300;118.5;0.987678068;0.773983;1.008722
COD;GSF_SELTRA300;119.5;0.988764816;0.783091;1.008776
COD;GSF_SELTRA300;120.5;0.989756896;0.791924;1.008785
NEP;GSF_SELTRA300;0.5;0;-0.000006;0
NEP;GSF_SELTRA300;1.5;0;-0.00001;0
NEP;GSF_SELTRA300;2.5;1.00E-10;-0.000015;0
NEP;GSF_SELTRA300;3.5;2.30E-09;-0.000022;0
NEP;GSF_SELTRA300;4.5;2.63E-08;-0.000033;0
NEP;GSF_SELTRA300;5.5;2.23E-07;-0.000048;0
NEP;GSF_SELTRA300;6.5;1.43E-06;-0.000068;0.000024
NEP;GSF_SELTRA300;7.5;7.29E-06;-0.000093;0.000142
NEP;GSF_SELTRA300;8.5;3.02E-05;-0.000116;0.000435
NEP;GSF_SELTRA300;9.5;0.000104202;-0.000113;0.001056
NEP;GSF_SELTRA300;10.5;0.000307698;-0.000021;0.002265
NEP;GSF_SELTRA300;11.5;0.000792505;0.000286;0.004442
NEP;GSF_SELTRA300;12.5;0.001811897;0.001018;0.008104
NEP;GSF_SELTRA300;13.5;0.003733888;0.002478;0.014726
NEP;GSF_SELTRA300;14.5;0.007028641;0.005033;0.024677
NEP;GSF_SELTRA300;15.5;0.012226539;0.009056;0.039795
NEP;GSF_SELTRA300;16.5;0.019853994;0.014845;0.056817
NEP;GSF_SELTRA300;17.5;0.030361878;0.022521;0.081126
NEP;GSF_SELTRA300;18.5;0.044063312;0.031946;0.107663
NEP;GSF_SELTRA300;19.5;0.061093583;0.042605;0.146214
NEP;GSF_SELTRA300;20.5;0.081397748;0.053461;0.184328
NEP;GSF_SELTRA300;21.5;0.104744292;0.062735;0.229487
NEP;GSF_SELTRA300;22.5;0.130758166;0.066892;0.274263
NEP;GSF_SELTRA300;23.5;0.15896449;0.062027;0.322864
NEP;GSF_SELTRA300;24.5;0.188834591;0.048316;0.376415
NEP;GSF_SELTRA300;25.5;0.219828031;0.042543;0.428287
NEP;GSF_SELTRA300;26.5;0.251426746;0.048645;0.47678
NEP;GSF_SELTRA300;27.5;0.283159708;0.064916;0.52218
NEP;GSF_SELTRA300;28.5;0.314618254;0.09152;0.550452
NEP;GSF_SELTRA300;29.5;0.34546332;0.121068;0.572591
NEP;GSF_SELTRA300;30.5;0.375426306;0.159394;0.590981
NEP;GSF_SELTRA300;31.5;0.4043054;0.198077;0.604966
NEP;GSF_SELTRA300;32.5;0.431959027;0.237888;0.618434
NEP;GSF_SELTRA300;33.5;0.458297765;0.278507;0.632418
NEP;GSF_SELTRA300;34.5;0.483275756;0.317313;0.643885
NEP;GSF_SELTRA300;35.5;0.506882332;0.354663;0.655475
NEP;GSF_SELTRA300;36.5;0.52913429;0.388798;0.665839
NEP;GSF_SELTRA300;37.5;0.550069074;0.420868;0.675104
NEP;GSF_SELTRA300;38.5;0.569738946;0.451071;0.68387
NEP;GSF_SELTRA300;39.5;0.588206159;0.478217;0.692533
NEP;GSF_SELTRA300;40.5;0.605539055;0.504721;0.700584
NEP;GSF_SELTRA300;41.5;0.621808991;0.52716;0.708607
NEP;GSF_SELTRA300;42.5;0.637087987;0.548462;0.716178
NEP;GSF_SELTRA300;43.5;0.651446969;0.567936;0.724007
NEP;GSF_SELTRA300;44.5;0.664954514;0.586151;0.731091
NEP;GSF_SELTRA300;45.5;0.677675979;0.60021;0.737506
NEP;GSF_SELTRA300;46.5;0.689672963;0.615234;0.744429
NEP;GSF_SELTRA300;47.5;0.701002989;0.629404;0.750851
NEP;GSF_SELTRA300;48.5;0.711719385;0.641093;0.757411
NEP;GSF_SELTRA300;49.5;0.721871294;0.653153;0.763633
NEP;GSF_SELTRA300;50.5;0.731503776;0.663859;0.769695
NEP;GSF_SELTRA300;51.5;0.74065799;0.673069;0.776602
NEP;GSF_SELTRA300;52.5;0.749371402;0.682412;0.785055
NEP;GSF_SELTRA300;53.5;0.757678033;0.692623;0.793702
NEP;GSF_SELTRA300;54.5;0.765608712;0.700939;0.801558
NEP;GSF_SELTRA300;55.5;0.77319133;0.708888;0.810459
NEP;GSF_SELTRA300;56.5;0.780451098;0.716509;0.818713
NEP;GSF_SELTRA300;57.5;0.787410783;0.723835;0.828211
NEP;GSF_SELTRA300;58.5;0.79409094;0.730895;0.835805
NEP;GSF_SELTRA300;59.5;0.80051013;0.738654;0.844162
NEP;GSF_SELTRA300;60.5;0.806685115;0.745347;0.852082
NEP;GSF_SELTRA300;61.5;0.812631047;0.752437;0.859357
NEP;GSF_SELTRA300;62.5;0.81836163;0.75915;0.866847
NEP;GSF_SELTRA300;63.5;0.823889277;0.764915;0.873626
NEP;GSF_SELTRA300;64.5;0.829225247;0.770558;0.880038
NEP;GSF_SELTRA300;65.5;0.834379768;0.77706;0.886098
NEP;GSF_SELTRA300;66.5;0.839362152;0.782718;0.891818
NEP;GSF_SELTRA300;67.5;0.844180895;0.788259;0.897227
NEP;GSF_SELTRA300;68.5;0.848843762;0.793684;0.902299
NEP;GSF_SELTRA300;69.5;0.853357874;0.798922;0.907225
NEP;GSF_SELTRA300;70.5;0.857729775;0.804199;0.911805
NEP;GSF_SELTRA300;71.5;0.861965494;0.809292;0.916135
NEP;GSF_SELTRA300;72.5;0.866070607;0.814277;0.920228
NEP;GSF_SELTRA300;73.5;0.87005028;0.819156;0.924098
NEP;GSF_SELTRA300;74.5;0.873909316;0.823931;0.927911
NEP;GSF_SELTRA300;75.5;0.877652196;0.828602;0.931575
NEP;GSF_SELTRA300;76.5;0.881283109;0.833171;0.935026
NEP;GSF_SELTRA300;77.5;0.884805986;0.83764;0.938098
NEP;GSF_SELTRA300;78.5;0.888224524;0.842009;0.940617
NEP;GSF_SELTRA300;79.5;0.891542212;0.84628;0.94328
NEP;GSF_SELTRA300;80.5;0.89476235;0.850454;0.945963
NEP;GSF_SELTRA300;81.5;0.897888068;0.854533;0.94854
NEP;GSF_SELTRA300;82.5;0.900922341;0.858517;0.950877
NEP;GSF_SELTRA300;83.5;0.903868007;0.862408;0.953023
NEP;GSF_SELTRA300;84.5;0.906727772;0.866208;0.955061
NEP;GSF_SELTRA300;85.5;0.909504231;0.869917;0.957057
NEP;GSF_SELTRA300;86.5;0.912199868;0.873666;0.958948
NEP;GSF_SELTRA300;87.5;0.914817071;0.877072;0.960741
NEP;GSF_SELTRA300;88.5;0.917358136;0.88055;0.962442
NEP;GSF_SELTRA300;89.5;0.919825276;0.884075;0.964055
NEP;GSF_SELTRA300;90.5;0.922220626;0.887227;0.965659
NEP;GSF_SELTRA300;91.5;0.924546248;0.89035;0.967178
NEP;GSF_SELTRA300;92.5;0.926804134;0.893465;0.968616
NEP;GSF_SELTRA300;93.5;0.928996215;0.896501;0.969976
NEP;GSF_SELTRA300;94.5;0.931124358;0.89946;0.971263
NEP;GSF_SELTRA300;95.5;0.933190376;0.902342;0.972483
NEP;GSF_SELTRA300;96.5;0.935196024;0.90515;0.973639
NEP;GSF_SELTRA300;97.5;0.937143008;0.907885;0.974735
NEP;GSF_SELTRA300;98.5;0.939032985;0.910548;0.975774
NEP;GSF_SELTRA300;99.5;0.940867561;0.91314;0.97676
NEP;GSF_SELTRA300;100.5;0.9426483;0.915664;0.977697
NEP;GSF_SELTRA300;101.5;0.944376722;0.91812;0.978586
NEP;GSF_SELTRA300;102.5;0.946054303;0.920511;0.979431
NEP;GSF_SELTRA300;103.5;0.947682481;0.922758;0.980211
NEP;GSF_SELTRA300;104.5;0.949262652;0.924927;0.980953
NEP;GSF_SELTRA300;105.5;0.950796177;0.927041;0.981662
NEP;GSF_SELTRA300;106.5;0.952284379;0.929099;0.982339
NEP;GSF_SELTRA300;107.5;0.953728544;0.931104;0.982986
NEP;GSF_SELTRA300;108.5;0.955129925;0.933056;0.983603
NEP;GSF_SELTRA300;109.5;0.956489741;0.934957;0.984194
NEP;GSF_SELTRA300;110.5;0.957809178;0.936807;0.984759
NEP;GSF_SELTRA300;111.5;0.959089391;0.938609;0.985299
NEP;GSF_SELTRA300;112.5;0.960331503;0.940362;0.985817
NEP;GSF_SELTRA300;113.5;0.961536606;0.942069;0.986312
NEP;GSF_SELTRA300;114.5;0.962705765;0.943729;0.986787
NEP;GSF_SELTRA300;115.5;0.963840015;0.945345;0.987241
NEP;GSF_SELTRA300;116.5;0.964940363;0.946917;0.987678
NEP;GSF_SELTRA300;117.5;0.966007788;0.948446;0.988096
NEP;GSF_SELTRA300;118.5;0.967043243;0.949934;0.988498
NEP;GSF_SELTRA300;119.5;0.968047657;0.951381;0.988883
NEP;GSF_SELTRA300;120.5;0.969021931;0.952788;0.989253
PLE;GSF_SELTRA300;0.5;4.21E-07;0;0.000015
PLE;GSF_SELTRA300;1.5;0.000000808;0;0.000024
PLE;GSF_SELTRA300;2.5;0.00000155;0;0.000038
PLE;GSF_SELTRA300;3.5;2.97E-06;0;0.000062
PLE;GSF_SELTRA300;4.5;5.70E-06;-0.000001;0.0001
PLE;GSF_SELTRA300;5.5;1.09E-05;-0.000001;0.000162
PLE;GSF_SELTRA300;6.5;2.10E-05;-0.000001;0.000264
PLE;GSF_SELTRA300;7.5;4.03E-05;-0.000002;0.000431
PLE;GSF_SELTRA300;8.5;7.72E-05;-0.000002;0.000704
PLE;GSF_SELTRA300;9.5;0.000148125;0;0.001122
PLE;GSF_SELTRA300;10.5;0.000284079;0.000007;0.001804
PLE;GSF_SELTRA300;11.5;0.000544713;0.000029;0.002922
PLE;GSF_SELTRA300;12.5;0.001044108;0.000091;0.004668
PLE;GSF_SELTRA300;13.5;0.002000061;0.000247;0.007468
PLE;GSF_SELTRA300;14.5;0.00382666;0.000655;0.012221
PLE;GSF_SELTRA300;15.5;0.007305006;0.001645;0.019433
PLE;GSF_SELTRA300;16.5;0.013886491;0.004216;0.031147
PLE;GSF_SELTRA300;17.5;0.02619119;0.010849;0.050205
PLE;GSF_SELTRA300;18.5;0.048691139;0.026333;0.07894
PLE;GSF_SELTRA300;19.5;0.088215362;0.061165;0.126412
PLE;GSF_SELTRA300;20.5;0.152984034;0.118117;0.200429
PLE;GSF_SELTRA300;21.5;0.247889683;0.19607;0.315785
PLE;GSF_SELTRA300;22.5;0.366255477;0.289508;0.463067
PLE;GSF_SELTRA300;23.5;0.487032383;0.395524;0.588158
PLE;GSF_SELTRA300;24.5;0.586597489;0.495123;0.671328
PLE;GSF_SELTRA300;25.5;0.653645369;0.576533;0.719189
PLE;GSF_SELTRA300;26.5;0.690337512;0.621347;0.751953
PLE;GSF_SELTRA300;27.5;0.704206489;0.618202;0.775689
PLE;GSF_SELTRA300;28.5;0.702030932;0.592271;0.796605
PLE;GSF_SELTRA300;29.5;0.688061591;0.536765;0.800648
PLE;GSF_SELTRA300;30.5;0.664409456;0.4654;0.794473
PLE;GSF_SELTRA300;31.5;0.631926833;0.395612;0.787273
PLE;GSF_SELTRA300;32.5;0.591015671;0.324552;0.776108
PLE;GSF_SELTRA300;33.5;0.542266365;0.262011;0.7642
PLE;GSF_SELTRA300;34.5;0.486904229;0.1959;0.756608
PLE;GSF_SELTRA300;35.5;0.426982875;0.1489;0.74889
PLE;GSF_SELTRA300;36.5;0.365262126;0.105086;0.749796
PLE;GSF_SELTRA300;37.5;0.304794363;0.066276;0.749315
PLE;GSF_SELTRA300;38.5;0.248373157;0.0459;0.740851
PLE;GSF_SELTRA300;39.5;0.198065817;0.032335;0.676818
PLE;GSF_SELTRA300;40.5;0.154992348;0.027686;0.463084
PLE;GSF_SELTRA300;41.5;0.119373785;0.033678;0.276728
PLE;GSF_SELTRA300;42.5;0.090757502;0.032334;0.249702
PLE;GSF_SELTRA300;43.5;0.068295062;0.026236;0.217705
PLE;GSF_SELTRA300;44.5;0.050982588;0.021126;0.187957
PLE;GSF_SELTRA300;45.5;0.037826459;0.016699;0.159337
PLE;GSF_SELTRA300;46.5;0.027935723;0.012947;0.139322
PLE;GSF_SELTRA300;47.5;0.020559827;0.00988;0.117324
PLE;GSF_SELTRA300;48.5;0.015092469;0.007438;0.100396
PLE;GSF_SELTRA300;49.5;0.011057927;0.005553;0.085663
PLE;GSF_SELTRA300;50.5;0.008090542;0.004127;0.07367
PLE;GSF_SELTRA300;51.5;0.005913353;0.003038;0.063211
PLE;GSF_SELTRA300;52.5;0.004318786;0.002225;0.054112
PLE;GSF_SELTRA300;53.5;0.003152458;0.001621;0.046511
PLE;GSF_SELTRA300;54.5;0.002300178;0.001176;0.039974
PLE;GSF_SELTRA300;55.5;0.001677819;0.000851;0.034353
PLE;GSF_SELTRA300;56.5;0.001223588;0.000613;0.029521
PLE;GSF_SELTRA300;57.5;0.000892189;0.000441;0.024705
PLE;GSF_SELTRA300;58.5;0.000650472;0.000316;0.020774
PLE;GSF_SELTRA300;59.5;0.000474203;0.000226;0.017919
PLE;GSF_SELTRA300;60.5;0.000345679;0.000161;0.01527
PLE;GSF_SELTRA300;61.5;0.000251978;0.000115;0.012846
PLE;GSF_SELTRA300;62.5;0.00018367;0.000081;0.010805
PLE;GSF_SELTRA300;63.5;0.000133876;0.000057;0.009124
PLE;GSF_SELTRA300;64.5;9.76E-05;0.00004;0.007819
PLE;GSF_SELTRA300;65.5;7.11E-05;0.000028;0.006731
PLE;GSF_SELTRA300;66.5;5.18E-05;0.00002;0.005796
PLE;GSF_SELTRA300;67.5;0.000037784;0.000014;0.004982
PLE;GSF_SELTRA300;68.5;2.75E-05;0.000009;0.004235
PLE;GSF_SELTRA300;69.5;2.01E-05;0.000006;0.003613
PLE;GSF_SELTRA300;70.5;1.46E-05;0.000004;0.003096
PLE;GSF_SELTRA300;71.5;1.07E-05;0.000003;0.002653
PLE;GSF_SELTRA300;72.5;7.77E-06;0.000002;0.002259
PLE;GSF_SELTRA300;73.5;5.66E-06;0.000001;0.001916
PLE;GSF_SELTRA300;74.5;4.13E-06;0.000001;0.001625
PLE;GSF_SELTRA300;75.5;0.000003009;0;0.001379
PLE;GSF_SELTRA300;76.5;2.19E-06;0;0.001169
PLE;GSF_SELTRA300;77.5;1.60E-06;0;0.000992
PLE;GSF_SELTRA300;78.5;0.000001165;0;0.000849
PLE;GSF_SELTRA300;79.5;8.49E-07;0;0.000728
PLE;GSF_SELTRA300;80.5;6.19E-07;0;0.000623
PLE;GSF_SELTRA300;81.5;4.51E-07;0;0.000534
PLE;GSF_SELTRA300;82.5;3.29E-07;0;0.000457
PLE;GSF_SELTRA300;83.5;2.40E-07;0;0.000392
PLE;GSF_SELTRA300;84.5;1.75E-07;0;0.000336
PLE;GSF_SELTRA300;85.5;1.27E-07;0;0.000288
PLE;GSF_SELTRA300;86.5;9.28E-08;0;0.000246
PLE;GSF_SELTRA300;87.5;6.76E-08;0;0.000211
PLE;GSF_SELTRA300;88.5;4.93E-08;0;0.000181
PLE;GSF_SELTRA300;89.5;3.59E-08;0;0.000155
PLE;GSF_SELTRA300;90.5;2.62E-08;0;0.000133
PLE;GSF_SELTRA300;91.5;1.91E-08;0;0.000114
PLE;GSF_SELTRA300;92.5;1.39E-08;0;0.000097
PLE;GSF_SELTRA300;93.5;1.01E-08;0;0.000083
PLE;GSF_SELTRA300;94.5;7.40E-09;0;0.000071
PLE;GSF_SELTRA300;95.5;5.40E-09;0;0.000061
PLE;GSF_SELTRA300;96.5;3.90E-09;0;0.000052
PLE;GSF_SELTRA300;97.5;2.90E-09;0;0.000045
PLE;GSF_SELTRA300;98.5;2.10E-09;0;0.000038
PLE;GSF_SELTRA300;99.5;1.50E-09;0;0.000033
PLE;GSF_SELTRA300;100.5;1.10E-09;0;0.000028
PLE;GSF_SELTRA300;101.5;8.00E-10;0;0.000024
PLE;GSF_SELTRA300;102.5;6.00E-10;0;0.000021
PLE;GSF_SELTRA300;103.5;4.00E-10;0;0.000018
PLE;GSF_SELTRA300;104.5;3.00E-10;0;0.000015
PLE;GSF_SELTRA300;105.5;2.00E-10;0;0.000013
PLE;GSF_SELTRA300;106.5;2.00E-10;0;0.000011
PLE;GSF_SELTRA300;107.5;1.00E-10;0;0.000009
PLE;GSF_SELTRA300;108.5;1.00E-10;0;0.000008
PLE;GSF_SELTRA300;109.5;1.00E-10;0;0.000007
PLE;GSF_SELTRA300;110.5;0;0;0.000006
PLE;GSF_SELTRA300;111.5;0;0;0.000005
PLE;GSF_SELTRA300;112.5;0;0;0.000004
PLE;GSF_SELTRA300;113.5;0;0;0.000004
PLE;GSF_SELTRA300;114.5;0;0;0.000003
PLE;GSF_SELTRA300;115.5;0;0;0.000003
PLE;GSF_SELTRA300;116.5;0;0;0.000002
PLE;GSF_SELTRA300;117.5;0;0;0.000002
PLE;GSF_SELTRA300;118.5;0;0;0.000002
PLE;GSF_SELTRA300;119.5;0;0;0.000001
PLE;GSF_SELTRA300;120.5;0;0;0.000001
COD;SWE_GRID;0.5;1.48E-05;0;0.000128699
COD;SWE_GRID;1.5;1.84E-05;0;0.000176239
COD;SWE_GRID;2.5;2.30E-05;0;0.000223254
COD;SWE_GRID;3.5;2.90E-05;0;0.000286938
COD;SWE_GRID;4.5;3.73E-05;0;0.000347662
COD;SWE_GRID;5.5;4.86E-05;0;0.000400148
COD;SWE_GRID;6.5;6.47E-05;0;0.000475718
COD;SWE_GRID;7.5;8.78E-05;0;0.000541259
COD;SWE_GRID;8.5;0.000121377;0;0.000625255
COD;SWE_GRID;9.5;0.000170764;0;0.000751253
COD;SWE_GRID;10.5;0.000244084;0;0.000919545
COD;SWE_GRID;11.5;0.000353817;0;0.001169781
COD;SWE_GRID;12.5;0.000519182;2.00E-10;0.001623606
COD;SWE_GRID;13.5;0.000769739;1.95E-08;0.003590642
COD;SWE_GRID;14.5;0.001150756;9.62E-08;0.005711544
COD;SWE_GRID;15.5;0.001731025;5.43E-06;0.013479262
COD;SWE_GRID;16.5;0.002613848;1.33E-05;0.02332142
COD;SWE_GRID;17.5;0.003951696;3.00E-05;0.030881922
COD;SWE_GRID;18.5;0.005964135;7.21E-05;0.03640122
COD;SWE_GRID;19.5;0.008956492;0.000178242;0.042063228
COD;SWE_GRID;20.5;0.013332459;0.000451266;0.048908529
COD;SWE_GRID;21.5;0.019586751;0.001067066;0.057658533
COD;SWE_GRID;22.5;0.028254608;0.00226712;0.070699755
COD;SWE_GRID;23.5;0.03978734;0.005353137;0.085851183
COD;SWE_GRID;24.5;0.054328056;0.010836686;0.106153786
COD;SWE_GRID;25.5;0.071396627;0.019857135;0.13860539
COD;SWE_GRID;26.5;0.089572318;0.033849422;0.166325246
COD;SWE_GRID;27.5;0.106369307;0.047155359;0.193500146
COD;SWE_GRID;28.5;0.118552878;0.058818144;0.215179386
COD;SWE_GRID;29.5;0.123015308;0.064575289;0.220187654
COD;SWE_GRID;30.5;0.117980252;0.0618283;0.205200706
COD;SWE_GRID;31.5;0.10393722;0.054169215;0.181131124
COD;SWE_GRID;32.5;0.083689643;0.042715339;0.144111222
COD;SWE_GRID;33.5;0.061370283;0.029045524;0.107267482
COD;SWE_GRID;34.5;0.04091774;0.016282438;0.071607743
COD;SWE_GRID;35.5;0.024828526;0.008524738;0.045873627
COD;SWE_GRID;36.5;0.0137695;0.003623671;0.0286892
COD;SWE_GRID;37.5;0.007035451;0.001350112;0.01697842
COD;SWE_GRID;38.5;0.003352017;0.000394773;0.009390688
COD;SWE_GRID;39.5;0.00151292;0.000108082;0.005180353
COD;SWE_GRID;40.5;0.000658643;3.10E-05;0.002739034
COD;SWE_GRID;41.5;0.000281474;0.000007374;0.001438007
COD;SWE_GRID;42.5;0.000119771;1.87E-06;0.000736501
COD;SWE_GRID;43.5;5.12E-05;4.63E-07;0.0003835
COD;SWE_GRID;44.5;2.21E-05;1.10E-07;0.00020987
COD;SWE_GRID;45.5;0.000009676;2.62E-08;0.000109696
COD;SWE_GRID;46.5;4.29E-06;5.40E-09;6.03E-05
COD;SWE_GRID;47.5;1.92E-06;1.10E-09;3.08E-05
COD;SWE_GRID;48.5;8.72E-07;2.00E-10;1.53E-05
COD;SWE_GRID;49.5;3.97E-07;0;7.88E-06
COD;SWE_GRID;50.5;1.81E-07;0;4.23E-06
COD;SWE_GRID;51.5;8.18E-08;0;2.22E-06
COD;SWE_GRID;52.5;3.66E-08;0;1.16E-06
COD;SWE_GRID;53.5;1.62E-08;0;0.000000579
COD;SWE_GRID;54.5;0.000000007;0;2.99E-07
COD;SWE_GRID;55.5;0.000000003;0;1.49E-07
COD;SWE_GRID;56.5;1.20E-09;0;6.99E-08
COD;SWE_GRID;57.5;5.00E-10;0;3.25E-08
COD;SWE_GRID;58.5;2.00E-10;0;1.49E-08
COD;SWE_GRID;59.5;1.00E-10;0;6.60E-09
COD;SWE_GRID;60.5;0;0;2.90E-09
COD;SWE_GRID;61.5;0;0;1.20E-09
COD;SWE_GRID;62.5;0;0;6.00E-10
COD;SWE_GRID;63.5;0;0;3.00E-10
COD;SWE_GRID;64.5;0;0;1.00E-10
COD;SWE_GRID;65.5;0;0;1.00E-10
COD;SWE_GRID;66.5;0;0;0
COD;SWE_GRID;67.5;0;0;0
COD;SWE_GRID;68.5;0;0;0
COD;SWE_GRID;69.5;0;0;0
COD;SWE_GRID;70.5;0;0;0
COD;SWE_GRID;71.5;0;0;0
COD;SWE_GRID;72.5;0;0;0
COD;SWE_GRID;73.5;0;0;0
COD;SWE_GRID;74.5;0;0;0
COD;SWE_GRID;75.5;0;0;0
COD;SWE_GRID;76.5;0;0;0
COD;SWE_GRID;77.5;0;0;0
COD;SWE_GRID;78.5;0;0;0
COD;SWE_GRID;79.5;0;0;0
COD;SWE_GRID;80.5;0;0;0
COD;SWE_GRID;81.5;0;0;0
COD;SWE_GRID;82.5;0;0;0
COD;SWE_GRID;83.5;0;0;0
COD;SWE_GRID;84.5;0;0;0
COD;SWE_GRID;85.5;0;0;0
COD;SWE_GRID;86.5;0;0;0
COD;SWE_GRID;87.5;0;0;0
COD;SWE_GRID;88.5;0;0;0
COD;SWE_GRID;89.5;0;0;0
COD;SWE_GRID;90.5;0;0;0
COD;SWE_GRID;91.5;0;0;0
COD;SWE_GRID;92.5;0;0;0
COD;SWE_GRID;93.5;0;0;0
COD;SWE_GRID;94.5;0;0;0
COD;SWE_GRID;95.5;0;0;0
COD;SWE_GRID;96.5;0;0;0
COD;SWE_GRID;97.5;0;0;9.00E-10
COD;SWE_GRID;98.5;0;0;7.62E-08
COD;SWE_GRID;99.5;0;0;8.69E-06
COD;SWE_GRID;100.5;0;0;0.00163166
COD;SWE_GRID;101.5;0;0;0.014454369
COD;SWE_GRID;102.5;0;0;0.017859783
COD;SWE_GRID;103.5;0;0;0.019028079
COD;SWE_GRID;104.5;0;0;0.019028253
COD;SWE_GRID;105.5;0;0;0.019028253
COD;SWE_GRID;106.5;0;0;0.019028253
COD;SWE_GRID;107.5;0;0;0.019028253
COD;SWE_GRID;108.5;0;0;0.019028253
COD;SWE_GRID;109.5;0;0;0.019028253
COD;SWE_GRID;110.5;0;0;0.019028253
COD;SWE_GRID;111.5;0;0;0.021063183
COD;SWE_GRID;112.5;0;0;0.022057944
COD;SWE_GRID;113.5;0;0;0.022057944
COD;SWE_GRID;114.5;0;0;0.022057944
COD;SWE_GRID;115.5;0;0;0.022057944
COD;SWE_GRID;116.5;0;0;0.022057944
COD;SWE_GRID;117.5;0;0;0.022472662
COD;SWE_GRID;118.5;0;0;0.023163581
COD;SWE_GRID;119.5;0;0;0.023163581
COD;SWE_GRID;120.5;0;0;0.023163581
NEP;SWE_GRID;0.5;0.000466168;-0.000966;0.013855
NEP;SWE_GRID;1.5;0.000654692;-0.001002;0.01581
NEP;SWE_GRID;2.5;0.000901977;-0.001021;0.017616
NEP;SWE_GRID;3.5;0.001220437;-0.001017;0.018973
NEP;SWE_GRID;4.5;0.001623557;-0.000988;0.020421
NEP;SWE_GRID;5.5;0.002125663;-0.000927;0.021953
NEP;SWE_GRID;6.5;0.002741657;-0.000831;0.024061
NEP;SWE_GRID;7.5;0.003486731;-0.000697;0.026714
NEP;SWE_GRID;8.5;0.004376072;-0.000524;0.02938
NEP;SWE_GRID;9.5;0.005424605;-0.000313;0.032226
NEP;SWE_GRID;10.5;0.006646794;-0.00007;0.037139
NEP;SWE_GRID;11.5;0.008056578;0.000198;0.042608
NEP;SWE_GRID;12.5;0.009667516;0.000475;0.047009
NEP;SWE_GRID;13.5;0.011493269;0.000741;0.049713
NEP;SWE_GRID;14.5;0.013548632;0.000965;0.055313
NEP;SWE_GRID;15.5;0.015851462;0.001107;0.062636
NEP;SWE_GRID;16.5;0.018426025;0.001118;0.067104
NEP;SWE_GRID;17.5;0.021308625;0.000954;0.072975
NEP;SWE_GRID;18.5;0.024556797;0.000651;0.078307
NEP;SWE_GRID;19.5;0.0282639;0.000471;0.085383
NEP;SWE_GRID;20.5;0.032581429;0.000838;0.092456
NEP;SWE_GRID;21.5;0.037751168;0.001426;0.100488
NEP;SWE_GRID;22.5;0.044147153;0.004815;0.108899
NEP;SWE_GRID;23.5;0.052320381;0.011684;0.121149
NEP;SWE_GRID;24.5;0.063023929;0.018326;0.136155
NEP;SWE_GRID;25.5;0.077172372;0.028446;0.148458
NEP;SWE_GRID;26.5;0.095672736;0.042688;0.179656
NEP;SWE_GRID;27.5;0.1190982;0.059098;0.205798
NEP;SWE_GRID;28.5;0.147303579;0.081417;0.241534
NEP;SWE_GRID;29.5;0.179239532;0.100262;0.278751
NEP;SWE_GRID;30.5;0.213192887;0.118537;0.32051
NEP;SWE_GRID;31.5;0.247365266;0.158702;0.356664
NEP;SWE_GRID;32.5;0.280413694;0.185293;0.386663
NEP;SWE_GRID;33.5;0.311661382;0.214623;0.420471
NEP;SWE_GRID;34.5;0.340994748;0.23925;0.448834
NEP;SWE_GRID;35.5;0.368634571;0.271436;0.472116
NEP;SWE_GRID;36.5;0.394932934;0.306948;0.492602
NEP;SWE_GRID;37.5;0.420247928;0.335306;0.511382
NEP;SWE_GRID;38.5;0.444886308;0.3625;0.52921
NEP;SWE_GRID;39.5;0.469087782;0.388884;0.548489
NEP;SWE_GRID;40.5;0.49302932;0.416295;0.564836
NEP;SWE_GRID;41.5;0.516836613;0.444071;0.585534
NEP;SWE_GRID;42.5;0.540596397;0.469159;0.609365
NEP;SWE_GRID;43.5;0.564367146;0.492984;0.636476
NEP;SWE_GRID;44.5;0.588187508;0.516292;0.663825
NEP;SWE_GRID;45.5;0.6120826;0.535554;0.694009
NEP;SWE_GRID;46.5;0.63606857;0.554857;0.72702
NEP;SWE_GRID;47.5;0.660155814;0.574319;0.760625
NEP;SWE_GRID;48.5;0.68435121;0.588052;0.799747
NEP;SWE_GRID;49.5;0.708659644;0.601627;0.844567
NEP;SWE_GRID;50.5;0.733085036;0.614421;0.887862
NEP;SWE_GRID;51.5;0.757631018;0.631968;0.930164
NEP;SWE_GRID;52.5;0.782301363;0.644696;0.979219
NEP;SWE_GRID;53.5;0.807100257;0.652332;1.025876
NEP;SWE_GRID;54.5;0.832032451;0.663056;1.075053
NEP;SWE_GRID;55.5;0.857103342;0.672083;1.125939
NEP;SWE_GRID;56.5;0.882319001;0.680045;1.182683
NEP;SWE_GRID;57.5;0.90768617;0.687592;1.236183
NEP;SWE_GRID;58.5;0.933212241;0.694967;1.30003
NEP;SWE_GRID;59.5;0.958905216;0.69837;1.365293
NEP;SWE_GRID;60.5;0.98477367;0.70016;1.431886
NEP;SWE_GRID;61.5;1.010826702;0.704029;1.498446
NEP;SWE_GRID;62.5;1.010826702;0.704939;1.56332
NEP;SWE_GRID;63.5;1.010826702;0.705089;1.632459
NEP;SWE_GRID;64.5;1.010826702;0.708825;1.707705
NEP;SWE_GRID;65.5;1.010826702;0.714129;1.777491
NEP;SWE_GRID;66.5;1.010826702;0.714448;1.853818
NEP;SWE_GRID;67.5;1.010826702;0.711845;1.931709
NEP;SWE_GRID;68.5;1.010826702;0.700906;2.017451
NEP;SWE_GRID;69.5;1.010826702;0.694996;2.099799
NEP;SWE_GRID;70.5;1.010826702;0.69574;2.1901
NEP;SWE_GRID;71.5;1.010826702;0.69295;2.286646
NEP;SWE_GRID;72.5;1.010826702;0.689653;2.386823
NEP;SWE_GRID;73.5;1.010826702;0.685819;2.490748
NEP;SWE_GRID;74.5;1.010826702;0.681418;2.598552
NEP;SWE_GRID;75.5;1.010826702;0.676426;2.710375
NEP;SWE_GRID;76.5;1.010826702;0.670269;2.826368
NEP;SWE_GRID;77.5;1.010826702;0.662374;2.946692
NEP;SWE_GRID;78.5;1.010826702;0.656691;3.071518
NEP;SWE_GRID;79.5;1.010826702;0.650107;3.199269
NEP;SWE_GRID;80.5;1.010826702;0.641839;3.319348
NEP;SWE_GRID;81.5;1.010826702;0.632852;3.443867
NEP;SWE_GRID;82.5;1.010826702;0.62185;3.572992
NEP;SWE_GRID;83.5;1.010826702;0.608567;3.711649
NEP;SWE_GRID;84.5;1.010826702;0.594547;3.865394
NEP;SWE_GRID;85.5;1.010826702;0.579765;4.025292
NEP;SWE_GRID;86.5;1.010826702;0.564202;4.191617
NEP;SWE_GRID;87.5;1.010826702;0.547836;4.364651
NEP;SWE_GRID;88.5;1.010826702;0.530636;4.544683
NEP;SWE_GRID;89.5;1.010826702;0.512565;4.732006
NEP;SWE_GRID;90.5;1.010826702;0.493581;4.926926
NEP;SWE_GRID;91.5;1.010826702;0.473644;5.129761
NEP;SWE_GRID;92.5;1.010826702;0.452713;5.340845
NEP;SWE_GRID;93.5;1.010826702;0.432868;5.560538
NEP;SWE_GRID;94.5;1.010826702;0.413465;5.789217
NEP;SWE_GRID;95.5;1.010826702;0.392953;6.027277
NEP;SWE_GRID;96.5;1.010826702;0.371289;6.275115
NEP;SWE_GRID;97.5;1.010826702;0.345885;6.533141
NEP;SWE_GRID;98.5;1.010826702;0.318961;6.801782
NEP;SWE_GRID;99.5;1.010826702;0.290748;7.081485
NEP;SWE_GRID;100.5;1.010826702;0.261191;7.372714
NEP;SWE_GRID;101.5;1.010826702;0.230237;7.675956
NEP;SWE_GRID;102.5;1.010826702;0.198644;7.991717
NEP;SWE_GRID;103.5;1.010826702;0.165667;8.320526
NEP;SWE_GRID;104.5;1.010826702;0.131086;8.662932
NEP;SWE_GRID;105.5;1.010826702;0.094839;9.019508
NEP;SWE_GRID;106.5;1.010826702;0.05686;9.389357
NEP;SWE_GRID;107.5;1.010826702;0.01708;9.764756
NEP;SWE_GRID;108.5;1.010826702;-0.024572;10.155021
NEP;SWE_GRID;109.5;1.010826702;-0.068171;10.560755
NEP;SWE_GRID;110.5;1.010826702;-0.113796;10.982584
NEP;SWE_GRID;111.5;1.010826702;-0.161527;11.421158
NEP;SWE_GRID;112.5;1.010826702;-0.211451;11.877155
NEP;SWE_GRID;113.5;1.010826702;-0.263655;12.351279
NEP;SWE_GRID;114.5;1.010826702;-0.318233;12.844263
NEP;SWE_GRID;115.5;1.010826702;-0.375282;13.356868
NEP;SWE_GRID;116.5;1.010826702;-0.434902;13.889887
NEP;SWE_GRID;117.5;1.010826702;-0.4972;14.444144
NEP;SWE_GRID;118.5;1.010826702;-0.562286;15.020495
NEP;SWE_GRID;119.5;1.010826702;-0.630279;15.619829
NEP;SWE_GRID;120.5;1.010826702;-0.701302;16.243068
PLE;SWE_GRID;;;;
